[0m16:31:53.693388 [debug] [MainThread]: Sending event: {'category': 'dbt', 'action': 'invocation', 'label': 'start', 'context': [<snowplow_tracker.self_describing_json.SelfDescribingJson object at 0x00000233F2809670>, <snowplow_tracker.self_describing_json.SelfDescribingJson object at 0x00000233F56C6E70>, <snowplow_tracker.self_describing_json.SelfDescribingJson object at 0x00000233F56C49E0>]}


============================== 16:31:53.693388 | f3a5001a-7268-4895-93e8-ce14322e3e6e ==============================
[0m16:31:53.693388 [info ] [MainThread]: Running with dbt=1.8.9
[0m16:31:53.706722 [debug] [MainThread]: running dbt with arguments {'printer_width': '80', 'indirect_selection': 'eager', 'log_cache_events': 'False', 'write_json': 'True', 'partial_parse': 'True', 'cache_selected_only': 'False', 'warn_error': 'None', 'fail_fast': 'False', 'profiles_dir': 'C:\\Users\\joaob\\Downloads\\nyc_taxi_lakehouse\\dbt_project', 'log_path': 'C:\\Users\\joaob\\Downloads\\nyc_taxi_lakehouse\\dbt_project\\logs', 'debug': 'False', 'version_check': 'True', 'use_colors': 'True', 'use_experimental_parser': 'False', 'empty': 'False', 'quiet': 'False', 'no_print': 'None', 'log_format': 'default', 'static_parser': 'True', 'warn_error_options': 'WarnErrorOptions(include=[], exclude=[])', 'invocation_command': 'dbt run', 'target_path': 'None', 'introspect': 'True', 'send_anonymous_usage_stats': 'True'}
[0m16:31:55.827441 [debug] [MainThread]: Sending event: {'category': 'dbt', 'action': 'project_id', 'label': 'f3a5001a-7268-4895-93e8-ce14322e3e6e', 'context': [<snowplow_tracker.self_describing_json.SelfDescribingJson object at 0x00000233F3C396A0>]}
[0m16:31:55.881200 [debug] [MainThread]: Sending event: {'category': 'dbt', 'action': 'adapter_info', 'label': 'f3a5001a-7268-4895-93e8-ce14322e3e6e', 'context': [<snowplow_tracker.self_describing_json.SelfDescribingJson object at 0x00000233F624BC20>]}
[0m16:31:55.883206 [info ] [MainThread]: Registered adapter: duckdb=1.8.4
[0m16:31:56.232102 [debug] [MainThread]: checksum: 132857a23e9d07220246854f7763165174ce9b737cfc7867629ace4294e520b1, vars: {}, profile: , target: , version: 1.8.9
[0m16:31:56.232102 [info ] [MainThread]: Unable to do partial parsing because saved manifest not found. Starting full parse.
[0m16:31:56.232102 [debug] [MainThread]: Sending event: {'category': 'dbt', 'action': 'partial_parser', 'label': 'f3a5001a-7268-4895-93e8-ce14322e3e6e', 'context': [<snowplow_tracker.self_describing_json.SelfDescribingJson object at 0x00000233F78888F0>]}
[0m16:31:57.172119 [warn ] [MainThread]: [[33mWARNING[0m]: Deprecated functionality
The `tests` config has been renamed to `data_tests`. Please see
https://docs.getdbt.com/docs/build/data-tests#new-data_tests-syntax for more
information.
[0m16:31:57.172119 [debug] [MainThread]: Sending event: {'category': 'dbt', 'action': 'deprecation', 'label': 'f3a5001a-7268-4895-93e8-ce14322e3e6e', 'property_': 'warn', 'context': [<snowplow_tracker.self_describing_json.SelfDescribingJson object at 0x00000233F7DA7050>]}
[0m16:31:57.607712 [debug] [MainThread]: Sending event: {'category': 'dbt', 'action': 'load_project', 'label': 'f3a5001a-7268-4895-93e8-ce14322e3e6e', 'context': [<snowplow_tracker.self_describing_json.SelfDescribingJson object at 0x00000233F656CB00>]}
[0m16:31:57.743176 [debug] [MainThread]: Sending event: {'category': 'dbt', 'action': 'resource_counts', 'label': 'f3a5001a-7268-4895-93e8-ce14322e3e6e', 'context': [<snowplow_tracker.self_describing_json.SelfDescribingJson object at 0x00000233F7F2A870>]}
[0m16:31:57.743176 [info ] [MainThread]: Found 4 models, 27 data tests, 1 source, 426 macros
[0m16:31:57.743176 [debug] [MainThread]: Sending event: {'category': 'dbt', 'action': 'runnable_timing', 'label': 'f3a5001a-7268-4895-93e8-ce14322e3e6e', 'context': [<snowplow_tracker.self_describing_json.SelfDescribingJson object at 0x00000233F7C32000>]}
[0m16:31:57.743176 [info ] [MainThread]: 
[0m16:31:57.743176 [debug] [MainThread]: Acquiring new duckdb connection 'master'
[0m16:31:57.743176 [debug] [ThreadPool]: Acquiring new duckdb connection 'list_nyc_taxi'
[0m16:31:57.758457 [debug] [ThreadPool]: Acquiring new duckdb connection 'list_nyc_taxi'
[0m16:31:57.760007 [debug] [ThreadPool]: Acquiring new duckdb connection 'list_nyc_taxi'
[0m16:31:57.882495 [debug] [ThreadPool]: Using duckdb connection "list_nyc_taxi"
[0m16:31:57.890073 [debug] [ThreadPool]: Using duckdb connection "list_nyc_taxi"
[0m16:31:57.890073 [debug] [ThreadPool]: On list_nyc_taxi: /* {"app": "dbt", "dbt_version": "1.8.9", "profile_name": "nyc_taxi_lakehouse", "target_name": "dev", "connection_name": "list_nyc_taxi"} */

    
    select schema_name
    from system.information_schema.schemata
    
    where catalog_name = '"nyc_taxi"'
    
  
  
[0m16:31:57.890073 [debug] [ThreadPool]: Using duckdb connection "list_nyc_taxi"
[0m16:31:57.890073 [debug] [ThreadPool]: On list_nyc_taxi: /* {"app": "dbt", "dbt_version": "1.8.9", "profile_name": "nyc_taxi_lakehouse", "target_name": "dev", "connection_name": "list_nyc_taxi"} */

    
    select schema_name
    from system.information_schema.schemata
    
    where catalog_name = '"nyc_taxi"'
    
  
  
[0m16:31:57.890073 [debug] [ThreadPool]: Opening a new connection, currently in state init
[0m16:31:57.891815 [debug] [ThreadPool]: On list_nyc_taxi: /* {"app": "dbt", "dbt_version": "1.8.9", "profile_name": "nyc_taxi_lakehouse", "target_name": "dev", "connection_name": "list_nyc_taxi"} */

    
    select schema_name
    from system.information_schema.schemata
    
    where catalog_name = '"nyc_taxi"'
    
  
  
[0m16:31:57.891815 [debug] [ThreadPool]: Opening a new connection, currently in state init
[0m16:31:57.892824 [debug] [ThreadPool]: Opening a new connection, currently in state init
[0m16:31:57.902612 [debug] [ThreadPool]: SQL status: OK in 0.013 seconds
[0m16:31:57.902612 [debug] [ThreadPool]: On list_nyc_taxi: Close
[0m16:31:57.908497 [debug] [ThreadPool]: SQL status: OK in 0.017 seconds
[0m16:31:57.908497 [debug] [ThreadPool]: SQL status: OK in 0.016 seconds
[0m16:31:57.909572 [debug] [ThreadPool]: On list_nyc_taxi: Close
[0m16:31:57.909572 [debug] [ThreadPool]: On list_nyc_taxi: Close
[0m16:31:57.909572 [debug] [ThreadPool]: Re-using an available connection from the pool (formerly list_nyc_taxi, now create_nyc_taxi_main_intermediate)
[0m16:31:57.909572 [debug] [ThreadPool]: Creating schema "database: "nyc_taxi"
schema: "main_intermediate"
"
[0m16:31:57.909572 [debug] [ThreadPool]: Using duckdb connection "create_nyc_taxi_main_intermediate"
[0m16:31:57.925152 [debug] [ThreadPool]: On create_nyc_taxi_main_intermediate: /* {"app": "dbt", "dbt_version": "1.8.9", "profile_name": "nyc_taxi_lakehouse", "target_name": "dev", "connection_name": "create_nyc_taxi_main_intermediate"} */

    
        select type from duckdb_databases()
        where database_name='nyc_taxi'
        and type='sqlite'
    
  
[0m16:31:57.925152 [debug] [ThreadPool]: Re-using an available connection from the pool (formerly list_nyc_taxi, now create_nyc_taxi_main_marts)
[0m16:31:57.926159 [debug] [ThreadPool]: Re-using an available connection from the pool (formerly list_nyc_taxi, now create_nyc_taxi_main_staging)
[0m16:31:57.926159 [debug] [ThreadPool]: Opening a new connection, currently in state closed
[0m16:31:57.926159 [debug] [ThreadPool]: Creating schema "database: "nyc_taxi"
schema: "main_marts"
"
[0m16:31:57.926159 [debug] [ThreadPool]: Creating schema "database: "nyc_taxi"
schema: "main_staging"
"
[0m16:31:57.926159 [debug] [ThreadPool]: Using duckdb connection "create_nyc_taxi_main_marts"
[0m16:31:57.926159 [debug] [ThreadPool]: Using duckdb connection "create_nyc_taxi_main_staging"
[0m16:31:57.926159 [debug] [ThreadPool]: On create_nyc_taxi_main_marts: /* {"app": "dbt", "dbt_version": "1.8.9", "profile_name": "nyc_taxi_lakehouse", "target_name": "dev", "connection_name": "create_nyc_taxi_main_marts"} */

    
        select type from duckdb_databases()
        where database_name='nyc_taxi'
        and type='sqlite'
    
  
[0m16:31:57.926159 [debug] [ThreadPool]: On create_nyc_taxi_main_staging: /* {"app": "dbt", "dbt_version": "1.8.9", "profile_name": "nyc_taxi_lakehouse", "target_name": "dev", "connection_name": "create_nyc_taxi_main_staging"} */

    
        select type from duckdb_databases()
        where database_name='nyc_taxi'
        and type='sqlite'
    
  
[0m16:31:57.926159 [debug] [ThreadPool]: Opening a new connection, currently in state closed
[0m16:31:57.926159 [debug] [ThreadPool]: Opening a new connection, currently in state closed
[0m16:31:57.936008 [debug] [ThreadPool]: SQL status: OK in 0.010 seconds
[0m16:31:57.936008 [debug] [ThreadPool]: SQL status: OK in 0.003 seconds
[0m16:31:57.938015 [debug] [ThreadPool]: Using duckdb connection "create_nyc_taxi_main_intermediate"
[0m16:31:57.938015 [debug] [ThreadPool]: SQL status: OK in 0.005 seconds
[0m16:31:57.940024 [debug] [ThreadPool]: Using duckdb connection "create_nyc_taxi_main_marts"
[0m16:31:57.940024 [debug] [ThreadPool]: On create_nyc_taxi_main_intermediate: BEGIN
[0m16:31:57.941912 [debug] [ThreadPool]: On create_nyc_taxi_main_marts: BEGIN
[0m16:31:57.943226 [debug] [ThreadPool]: Using duckdb connection "create_nyc_taxi_main_staging"
[0m16:31:57.943226 [debug] [ThreadPool]: On create_nyc_taxi_main_staging: BEGIN
[0m16:31:57.943226 [debug] [ThreadPool]: SQL status: OK in 0.001 seconds
[0m16:31:57.943226 [debug] [ThreadPool]: Using duckdb connection "create_nyc_taxi_main_intermediate"
[0m16:31:57.943226 [debug] [ThreadPool]: On create_nyc_taxi_main_intermediate: /* {"app": "dbt", "dbt_version": "1.8.9", "profile_name": "nyc_taxi_lakehouse", "target_name": "dev", "connection_name": "create_nyc_taxi_main_intermediate"} */

    
    
        create schema if not exists "nyc_taxi"."main_intermediate"
    
[0m16:31:57.943226 [debug] [ThreadPool]: SQL status: OK in 0.002 seconds
[0m16:31:57.943226 [debug] [ThreadPool]: Using duckdb connection "create_nyc_taxi_main_marts"
[0m16:31:57.943226 [debug] [ThreadPool]: On create_nyc_taxi_main_marts: /* {"app": "dbt", "dbt_version": "1.8.9", "profile_name": "nyc_taxi_lakehouse", "target_name": "dev", "connection_name": "create_nyc_taxi_main_marts"} */

    
    
        create schema if not exists "nyc_taxi"."main_marts"
    
[0m16:31:57.943226 [debug] [ThreadPool]: SQL status: OK in 0.000 seconds
[0m16:31:57.943226 [debug] [ThreadPool]: On create_nyc_taxi_main_marts: COMMIT
[0m16:31:57.943226 [debug] [ThreadPool]: Using duckdb connection "create_nyc_taxi_main_marts"
[0m16:31:57.943226 [debug] [ThreadPool]: On create_nyc_taxi_main_marts: COMMIT
[0m16:31:57.943226 [debug] [ThreadPool]: SQL status: OK in 0.006 seconds
[0m16:31:57.943226 [debug] [ThreadPool]: Using duckdb connection "create_nyc_taxi_main_staging"
[0m16:31:57.943226 [debug] [ThreadPool]: On create_nyc_taxi_main_staging: /* {"app": "dbt", "dbt_version": "1.8.9", "profile_name": "nyc_taxi_lakehouse", "target_name": "dev", "connection_name": "create_nyc_taxi_main_staging"} */

    
    
        create schema if not exists "nyc_taxi"."main_staging"
    
[0m16:31:57.943226 [debug] [ThreadPool]: SQL status: OK in 0.006 seconds
[0m16:31:57.943226 [debug] [ThreadPool]: On create_nyc_taxi_main_intermediate: COMMIT
[0m16:31:57.943226 [debug] [ThreadPool]: Using duckdb connection "create_nyc_taxi_main_intermediate"
[0m16:31:57.943226 [debug] [ThreadPool]: On create_nyc_taxi_main_intermediate: COMMIT
[0m16:31:57.943226 [debug] [ThreadPool]: SQL status: OK in 0.003 seconds
[0m16:31:57.943226 [debug] [ThreadPool]: On create_nyc_taxi_main_marts: Close
[0m16:31:57.943226 [debug] [ThreadPool]: SQL status: OK in 0.003 seconds
[0m16:31:57.943226 [debug] [ThreadPool]: On create_nyc_taxi_main_staging: COMMIT
[0m16:31:57.943226 [debug] [ThreadPool]: Using duckdb connection "create_nyc_taxi_main_staging"
[0m16:31:57.943226 [debug] [ThreadPool]: On create_nyc_taxi_main_staging: COMMIT
[0m16:31:57.943226 [debug] [ThreadPool]: SQL status: OK in 0.003 seconds
[0m16:31:57.943226 [debug] [ThreadPool]: On create_nyc_taxi_main_intermediate: Close
[0m16:31:57.943226 [debug] [ThreadPool]: SQL status: OK in 0.001 seconds
[0m16:31:57.943226 [debug] [ThreadPool]: On create_nyc_taxi_main_staging: Close
[0m16:31:57.958915 [debug] [ThreadPool]: Acquiring new duckdb connection 'list_nyc_taxi_main_intermediate'
[0m16:31:57.968838 [debug] [ThreadPool]: Using duckdb connection "list_nyc_taxi_main_intermediate"
[0m16:31:57.968838 [debug] [ThreadPool]: On list_nyc_taxi_main_intermediate: BEGIN
[0m16:31:57.968838 [debug] [ThreadPool]: Opening a new connection, currently in state init
[0m16:31:57.968838 [debug] [ThreadPool]: Acquiring new duckdb connection 'list_nyc_taxi_main_marts'
[0m16:31:57.970844 [debug] [ThreadPool]: Using duckdb connection "list_nyc_taxi_main_marts"
[0m16:31:57.970844 [debug] [ThreadPool]: On list_nyc_taxi_main_marts: BEGIN
[0m16:31:57.972851 [debug] [ThreadPool]: Opening a new connection, currently in state init
[0m16:31:57.972851 [debug] [ThreadPool]: Acquiring new duckdb connection 'list_nyc_taxi_main_staging'
[0m16:31:57.975201 [debug] [ThreadPool]: Using duckdb connection "list_nyc_taxi_main_staging"
[0m16:31:57.976208 [debug] [ThreadPool]: On list_nyc_taxi_main_staging: BEGIN
[0m16:31:57.976208 [debug] [ThreadPool]: Opening a new connection, currently in state init
[0m16:31:57.976208 [debug] [ThreadPool]: SQL status: OK in 0.002 seconds
[0m16:31:57.976208 [debug] [ThreadPool]: Using duckdb connection "list_nyc_taxi_main_staging"
[0m16:31:57.976208 [debug] [ThreadPool]: On list_nyc_taxi_main_staging: /* {"app": "dbt", "dbt_version": "1.8.9", "profile_name": "nyc_taxi_lakehouse", "target_name": "dev", "connection_name": "list_nyc_taxi_main_staging"} */
select
      'nyc_taxi' as database,
      table_name as name,
      table_schema as schema,
      CASE table_type
        WHEN 'BASE TABLE' THEN 'table'
        WHEN 'VIEW' THEN 'view'
        WHEN 'LOCAL TEMPORARY' THEN 'table'
        END as type
    from system.information_schema.tables
    where table_schema = 'main_staging'
    and table_catalog = 'nyc_taxi'
  
[0m16:31:57.976208 [debug] [ThreadPool]: SQL status: OK in 0.010 seconds
[0m16:31:57.976208 [debug] [ThreadPool]: Using duckdb connection "list_nyc_taxi_main_intermediate"
[0m16:31:57.976208 [debug] [ThreadPool]: On list_nyc_taxi_main_intermediate: /* {"app": "dbt", "dbt_version": "1.8.9", "profile_name": "nyc_taxi_lakehouse", "target_name": "dev", "connection_name": "list_nyc_taxi_main_intermediate"} */
select
      'nyc_taxi' as database,
      table_name as name,
      table_schema as schema,
      CASE table_type
        WHEN 'BASE TABLE' THEN 'table'
        WHEN 'VIEW' THEN 'view'
        WHEN 'LOCAL TEMPORARY' THEN 'table'
        END as type
    from system.information_schema.tables
    where table_schema = 'main_intermediate'
    and table_catalog = 'nyc_taxi'
  
[0m16:31:57.976208 [debug] [ThreadPool]: SQL status: OK in 0.008 seconds
[0m16:31:57.976208 [debug] [ThreadPool]: Using duckdb connection "list_nyc_taxi_main_marts"
[0m16:31:57.976208 [debug] [ThreadPool]: On list_nyc_taxi_main_marts: /* {"app": "dbt", "dbt_version": "1.8.9", "profile_name": "nyc_taxi_lakehouse", "target_name": "dev", "connection_name": "list_nyc_taxi_main_marts"} */
select
      'nyc_taxi' as database,
      table_name as name,
      table_schema as schema,
      CASE table_type
        WHEN 'BASE TABLE' THEN 'table'
        WHEN 'VIEW' THEN 'view'
        WHEN 'LOCAL TEMPORARY' THEN 'table'
        END as type
    from system.information_schema.tables
    where table_schema = 'main_marts'
    and table_catalog = 'nyc_taxi'
  
[0m16:31:58.008963 [debug] [ThreadPool]: SQL status: OK in 0.036 seconds
[0m16:31:58.019461 [debug] [ThreadPool]: On list_nyc_taxi_main_marts: ROLLBACK
[0m16:31:58.021466 [debug] [ThreadPool]: SQL status: OK in 0.042 seconds
[0m16:31:58.021466 [debug] [ThreadPool]: On list_nyc_taxi_main_staging: ROLLBACK
[0m16:31:58.023474 [debug] [ThreadPool]: SQL status: OK in 0.043 seconds
[0m16:31:58.025214 [debug] [ThreadPool]: On list_nyc_taxi_main_intermediate: ROLLBACK
[0m16:31:58.026675 [debug] [ThreadPool]: Failed to rollback 'list_nyc_taxi_main_staging'
[0m16:31:58.026675 [debug] [ThreadPool]: Failed to rollback 'list_nyc_taxi_main_marts'
[0m16:31:58.026675 [debug] [ThreadPool]: On list_nyc_taxi_main_staging: Close
[0m16:31:58.026675 [debug] [ThreadPool]: Failed to rollback 'list_nyc_taxi_main_intermediate'
[0m16:31:58.026675 [debug] [ThreadPool]: On list_nyc_taxi_main_marts: Close
[0m16:31:58.026675 [debug] [ThreadPool]: On list_nyc_taxi_main_intermediate: Close
[0m16:31:58.026675 [debug] [MainThread]: Sending event: {'category': 'dbt', 'action': 'runnable_timing', 'label': 'f3a5001a-7268-4895-93e8-ce14322e3e6e', 'context': [<snowplow_tracker.self_describing_json.SelfDescribingJson object at 0x00000233F7C32B10>]}
[0m16:31:58.026675 [debug] [MainThread]: Using duckdb connection "master"
[0m16:31:58.026675 [debug] [MainThread]: On master: BEGIN
[0m16:31:58.035412 [debug] [MainThread]: Opening a new connection, currently in state init
[0m16:31:58.042928 [debug] [MainThread]: SQL status: OK in 0.010 seconds
[0m16:31:58.042928 [debug] [MainThread]: On master: COMMIT
[0m16:31:58.042928 [debug] [MainThread]: Using duckdb connection "master"
[0m16:31:58.042928 [debug] [MainThread]: On master: COMMIT
[0m16:31:58.042928 [debug] [MainThread]: SQL status: OK in 0.000 seconds
[0m16:31:58.042928 [debug] [MainThread]: On master: Close
[0m16:31:58.042928 [info ] [MainThread]: Concurrency: 4 threads (target='dev')
[0m16:31:58.050195 [info ] [MainThread]: 
[0m16:31:58.059578 [debug] [Thread-1 (]: Began running node model.nyc_taxi_lakehouse.stg_yellow_trips
[0m16:31:58.059578 [info ] [Thread-1 (]: 1 of 4 START sql view model main_staging.stg_yellow_trips ...................... [RUN]
[0m16:31:58.059578 [debug] [Thread-1 (]: Acquiring new duckdb connection 'model.nyc_taxi_lakehouse.stg_yellow_trips'
[0m16:31:58.059578 [debug] [Thread-1 (]: Began compiling node model.nyc_taxi_lakehouse.stg_yellow_trips
[0m16:31:58.059578 [debug] [Thread-1 (]: Writing injected SQL for node "model.nyc_taxi_lakehouse.stg_yellow_trips"
[0m16:31:58.059578 [debug] [Thread-1 (]: Began executing node model.nyc_taxi_lakehouse.stg_yellow_trips
[0m16:31:58.092238 [debug] [Thread-1 (]: Writing runtime sql for node "model.nyc_taxi_lakehouse.stg_yellow_trips"
[0m16:31:58.107814 [debug] [Thread-1 (]: Using duckdb connection "model.nyc_taxi_lakehouse.stg_yellow_trips"
[0m16:31:58.108563 [debug] [Thread-1 (]: On model.nyc_taxi_lakehouse.stg_yellow_trips: BEGIN
[0m16:31:58.109573 [debug] [Thread-1 (]: Opening a new connection, currently in state init
[0m16:31:58.109963 [debug] [Thread-1 (]: SQL status: OK in 0.008 seconds
[0m16:31:58.109963 [debug] [Thread-1 (]: Using duckdb connection "model.nyc_taxi_lakehouse.stg_yellow_trips"
[0m16:31:58.109963 [debug] [Thread-1 (]: On model.nyc_taxi_lakehouse.stg_yellow_trips: /* {"app": "dbt", "dbt_version": "1.8.9", "profile_name": "nyc_taxi_lakehouse", "target_name": "dev", "node_id": "model.nyc_taxi_lakehouse.stg_yellow_trips"} */

  
  create view "nyc_taxi"."main_staging"."stg_yellow_trips__dbt_tmp" as (
    -- models/staging/stg_yellow_trips.sql
-- ------------------------------------
-- Staging: renomeia colunas para snake_case legível,
-- padroniza tipos e remove ambiguidade de nomenclatura.
--
-- Decisão: staging não filtra, não agrega, não aplica regra de negócio.
-- É uma camada de contrato entre a fonte e os modelos downstream.

with source as (

    select * from "nyc_taxi"."trusted"."yellow_tripdata_2023_01"

),

renamed as (

    select
        -- identifiers
        VendorID                    as vendor_id,
        RatecodeID                  as rate_code_id,
        PULocationID                as pickup_location_id,
        DOLocationID                as dropoff_location_id,
        payment_type                as payment_type_id,

        -- timestamps
        tpep_pickup_datetime        as pickup_at,
        tpep_dropoff_datetime       as dropoff_at,
        pickup_date,
        pickup_hour,

        -- métricas da corrida
        passenger_count,
        trip_distance,
        trip_duration_minutes,

        -- valores financeiros
        fare_amount,
        extra,
        mta_tax,
        tip_amount,
        tolls_amount,
        improvement_surcharge,
        total_amount,
        congestion_surcharge,
        airport_fee,

        -- flags
        store_and_fwd_flag

    from source

)

select * from renamed
  );

[0m16:31:58.142307 [debug] [Thread-1 (]: DuckDB adapter: Error running SQL: /* {"app": "dbt", "dbt_version": "1.8.9", "profile_name": "nyc_taxi_lakehouse", "target_name": "dev", "node_id": "model.nyc_taxi_lakehouse.stg_yellow_trips"} */

  
  create view "nyc_taxi"."main_staging"."stg_yellow_trips__dbt_tmp" as (
    -- models/staging/stg_yellow_trips.sql
-- ------------------------------------
-- Staging: renomeia colunas para snake_case legível,
-- padroniza tipos e remove ambiguidade de nomenclatura.
--
-- Decisão: staging não filtra, não agrega, não aplica regra de negócio.
-- É uma camada de contrato entre a fonte e os modelos downstream.

with source as (

    select * from "nyc_taxi"."trusted"."yellow_tripdata_2023_01"

),

renamed as (

    select
        -- identifiers
        VendorID                    as vendor_id,
        RatecodeID                  as rate_code_id,
        PULocationID                as pickup_location_id,
        DOLocationID                as dropoff_location_id,
        payment_type                as payment_type_id,

        -- timestamps
        tpep_pickup_datetime        as pickup_at,
        tpep_dropoff_datetime       as dropoff_at,
        pickup_date,
        pickup_hour,

        -- métricas da corrida
        passenger_count,
        trip_distance,
        trip_duration_minutes,

        -- valores financeiros
        fare_amount,
        extra,
        mta_tax,
        tip_amount,
        tolls_amount,
        improvement_surcharge,
        total_amount,
        congestion_surcharge,
        airport_fee,

        -- flags
        store_and_fwd_flag

    from source

)

select * from renamed
  );

[0m16:31:58.142307 [debug] [Thread-1 (]: DuckDB adapter: Rolling back transaction.
[0m16:31:58.142307 [debug] [Thread-1 (]: On model.nyc_taxi_lakehouse.stg_yellow_trips: ROLLBACK
[0m16:31:58.158579 [debug] [Thread-1 (]: Failed to rollback 'model.nyc_taxi_lakehouse.stg_yellow_trips'
[0m16:31:58.158579 [debug] [Thread-1 (]: On model.nyc_taxi_lakehouse.stg_yellow_trips: Close
[0m16:31:58.159587 [debug] [Thread-1 (]: Runtime Error in model stg_yellow_trips (models\staging\stg_yellow_trips.sql)
  Catalog Error: Table with name yellow_tripdata_2023_01 does not exist!
  Did you mean "nyc_taxi.pg_catalog.pg_attrdef"?
  LINE 15:     select * from "nyc_taxi"."trusted"."yellow_tripdata_2023_01"
  
  ),
  
  renamed as (
  
      select
          -- identifiers
          VendorID                    as vendor_id,
          RatecodeID                  as rate_code_id,
          PULocationID                as pickup_location_id,
          DOLocationID                as dropoff_location_id,
          payment_type                as payment_type_id,
  
          -- timestamps
          tpep_pickup_datetime        as pickup_at,
          tpep_dropoff_datetime       as dropoff_at,
          pickup_date,
          pickup_hour,
  
          -- métricas da corrida
          passenger_count,
          trip_distance,
          trip_duration_minutes,
  
          -- valores financeiros
          fare_amount,
          extra,
          mta_tax,
          tip_amount,
          tolls_amount,
          improvement_surcharge,
          total_amount,
          congestion_surcharge,
          airport_fee,
  
          -- flags
          store_and_fwd_flag
  
      from source
  
  )
  
  select * from renamed
    );
  ...
                             ^
[0m16:31:58.159587 [debug] [Thread-1 (]: Sending event: {'category': 'dbt', 'action': 'run_model', 'label': 'f3a5001a-7268-4895-93e8-ce14322e3e6e', 'context': [<snowplow_tracker.self_describing_json.SelfDescribingJson object at 0x00000233F8506690>]}
[0m16:31:58.159587 [error] [Thread-1 (]: 1 of 4 ERROR creating sql view model main_staging.stg_yellow_trips ............. [[31mERROR[0m in 0.10s]
[0m16:31:58.159587 [debug] [Thread-1 (]: Finished running node model.nyc_taxi_lakehouse.stg_yellow_trips
[0m16:31:58.159587 [debug] [Thread-3 (]: Began running node model.nyc_taxi_lakehouse.int_trips_enriched
[0m16:31:58.159587 [info ] [Thread-3 (]: 2 of 4 SKIP relation main_intermediate.int_trips_enriched ...................... [[33mSKIP[0m]
[0m16:31:58.159587 [debug] [Thread-3 (]: Finished running node model.nyc_taxi_lakehouse.int_trips_enriched
[0m16:31:58.159587 [debug] [Thread-2 (]: Began running node model.nyc_taxi_lakehouse.fct_trips
[0m16:31:58.159587 [info ] [Thread-2 (]: 3 of 4 SKIP relation main_marts.fct_trips ...................................... [[33mSKIP[0m]
[0m16:31:58.159587 [debug] [Thread-2 (]: Finished running node model.nyc_taxi_lakehouse.fct_trips
[0m16:31:58.159587 [debug] [Thread-4 (]: Began running node model.nyc_taxi_lakehouse.mart_daily_summary
[0m16:31:58.159587 [info ] [Thread-4 (]: 4 of 4 SKIP relation main_marts.mart_daily_summary ............................. [[33mSKIP[0m]
[0m16:31:58.159587 [debug] [Thread-4 (]: Finished running node model.nyc_taxi_lakehouse.mart_daily_summary
[0m16:31:58.159587 [debug] [MainThread]: Using duckdb connection "master"
[0m16:31:58.159587 [debug] [MainThread]: On master: BEGIN
[0m16:31:58.159587 [debug] [MainThread]: Opening a new connection, currently in state closed
[0m16:31:58.175941 [debug] [MainThread]: SQL status: OK in 0.008 seconds
[0m16:31:58.175941 [debug] [MainThread]: On master: COMMIT
[0m16:31:58.175941 [debug] [MainThread]: Using duckdb connection "master"
[0m16:31:58.175941 [debug] [MainThread]: On master: COMMIT
[0m16:31:58.175941 [debug] [MainThread]: SQL status: OK in 0.000 seconds
[0m16:31:58.175941 [debug] [MainThread]: On master: Close
[0m16:31:58.175941 [debug] [MainThread]: Connection 'master' was properly closed.
[0m16:31:58.175941 [debug] [MainThread]: Connection 'create_nyc_taxi_main_marts' was properly closed.
[0m16:31:58.175941 [debug] [MainThread]: Connection 'create_nyc_taxi_main_staging' was properly closed.
[0m16:31:58.175941 [debug] [MainThread]: Connection 'create_nyc_taxi_main_intermediate' was properly closed.
[0m16:31:58.175941 [debug] [MainThread]: Connection 'list_nyc_taxi_main_intermediate' was properly closed.
[0m16:31:58.175941 [debug] [MainThread]: Connection 'list_nyc_taxi_main_marts' was properly closed.
[0m16:31:58.175941 [debug] [MainThread]: Connection 'list_nyc_taxi_main_staging' was properly closed.
[0m16:31:58.175941 [debug] [MainThread]: Connection 'model.nyc_taxi_lakehouse.stg_yellow_trips' was properly closed.
[0m16:31:58.175941 [info ] [MainThread]: 
[0m16:31:58.175941 [info ] [MainThread]: Finished running 2 view models, 2 table models in 0 hours 0 minutes and 0.43 seconds (0.43s).
[0m16:31:58.175941 [debug] [MainThread]: Command end result
[0m16:31:58.222090 [info ] [MainThread]: 
[0m16:31:58.222090 [info ] [MainThread]: [31mCompleted with 1 error and 0 warnings:[0m
[0m16:31:58.222090 [info ] [MainThread]: 
[0m16:31:58.222090 [error] [MainThread]:   Runtime Error in model stg_yellow_trips (models\staging\stg_yellow_trips.sql)
  Catalog Error: Table with name yellow_tripdata_2023_01 does not exist!
  Did you mean "nyc_taxi.pg_catalog.pg_attrdef"?
  LINE 15:     select * from "nyc_taxi"."trusted"."yellow_tripdata_2023_01"
  
  ),
  
  renamed as (
  
      select
          -- identifiers
          VendorID                    as vendor_id,
          RatecodeID                  as rate_code_id,
          PULocationID                as pickup_location_id,
          DOLocationID                as dropoff_location_id,
          payment_type                as payment_type_id,
  
          -- timestamps
          tpep_pickup_datetime        as pickup_at,
          tpep_dropoff_datetime       as dropoff_at,
          pickup_date,
          pickup_hour,
  
          -- métricas da corrida
          passenger_count,
          trip_distance,
          trip_duration_minutes,
  
          -- valores financeiros
          fare_amount,
          extra,
          mta_tax,
          tip_amount,
          tolls_amount,
          improvement_surcharge,
          total_amount,
          congestion_surcharge,
          airport_fee,
  
          -- flags
          store_and_fwd_flag
  
      from source
  
  )
  
  select * from renamed
    );
  ...
                             ^
[0m16:31:58.222090 [info ] [MainThread]: 
[0m16:31:58.225368 [info ] [MainThread]: Done. PASS=0 WARN=0 ERROR=1 SKIP=3 TOTAL=4
[0m16:31:58.226379 [debug] [MainThread]: Command `dbt run` failed at 16:31:58.225368 after 4.64 seconds
[0m16:31:58.226379 [debug] [MainThread]: Sending event: {'category': 'dbt', 'action': 'invocation', 'label': 'end', 'context': [<snowplow_tracker.self_describing_json.SelfDescribingJson object at 0x00000233F652AE40>, <snowplow_tracker.self_describing_json.SelfDescribingJson object at 0x00000233F652AF60>, <snowplow_tracker.self_describing_json.SelfDescribingJson object at 0x00000233F5ED5D60>]}
[0m16:31:58.226379 [debug] [MainThread]: Flushing usage events
[0m16:32:19.762854 [debug] [MainThread]: Sending event: {'category': 'dbt', 'action': 'invocation', 'label': 'start', 'context': [<snowplow_tracker.self_describing_json.SelfDescribingJson object at 0x000002228BE6B5F0>, <snowplow_tracker.self_describing_json.SelfDescribingJson object at 0x000002228FBF4500>, <snowplow_tracker.self_describing_json.SelfDescribingJson object at 0x000002228FBF78F0>]}


============================== 16:32:19.762854 | fc6e0a5b-55d1-4e84-bc33-ef4f0e5b3f54 ==============================
[0m16:32:19.762854 [info ] [MainThread]: Running with dbt=1.8.9
[0m16:32:19.762854 [debug] [MainThread]: running dbt with arguments {'printer_width': '80', 'indirect_selection': 'eager', 'write_json': 'True', 'log_cache_events': 'False', 'partial_parse': 'True', 'cache_selected_only': 'False', 'warn_error': 'None', 'debug': 'False', 'profiles_dir': 'C:\\Users\\joaob\\Downloads\\nyc_taxi_lakehouse\\dbt_project', 'log_path': 'C:\\Users\\joaob\\Downloads\\nyc_taxi_lakehouse\\dbt_project\\logs', 'version_check': 'True', 'fail_fast': 'False', 'use_colors': 'True', 'use_experimental_parser': 'False', 'empty': 'False', 'quiet': 'False', 'no_print': 'None', 'log_format': 'default', 'introspect': 'True', 'invocation_command': 'dbt run', 'static_parser': 'True', 'target_path': 'None', 'warn_error_options': 'WarnErrorOptions(include=[], exclude=[])', 'send_anonymous_usage_stats': 'True'}
[0m16:32:19.970507 [debug] [MainThread]: Sending event: {'category': 'dbt', 'action': 'project_id', 'label': 'fc6e0a5b-55d1-4e84-bc33-ef4f0e5b3f54', 'context': [<snowplow_tracker.self_describing_json.SelfDescribingJson object at 0x000002228FC96C30>]}
[0m16:32:20.025053 [debug] [MainThread]: Sending event: {'category': 'dbt', 'action': 'adapter_info', 'label': 'fc6e0a5b-55d1-4e84-bc33-ef4f0e5b3f54', 'context': [<snowplow_tracker.self_describing_json.SelfDescribingJson object at 0x000002228FC4FB30>]}
[0m16:32:20.025053 [info ] [MainThread]: Registered adapter: duckdb=1.8.4
[0m16:32:20.439986 [debug] [MainThread]: checksum: 132857a23e9d07220246854f7763165174ce9b737cfc7867629ace4294e520b1, vars: {}, profile: , target: , version: 1.8.9
[0m16:32:20.595672 [debug] [MainThread]: Partial parsing enabled: 0 files deleted, 0 files added, 0 files changed.
[0m16:32:20.595672 [debug] [MainThread]: Partial parsing enabled, no changes found, skipping parsing
[0m16:32:20.630421 [debug] [MainThread]: Sending event: {'category': 'dbt', 'action': 'load_project', 'label': 'fc6e0a5b-55d1-4e84-bc33-ef4f0e5b3f54', 'context': [<snowplow_tracker.self_describing_json.SelfDescribingJson object at 0x000002228FE82600>]}
[0m16:32:20.737656 [debug] [MainThread]: Sending event: {'category': 'dbt', 'action': 'resource_counts', 'label': 'fc6e0a5b-55d1-4e84-bc33-ef4f0e5b3f54', 'context': [<snowplow_tracker.self_describing_json.SelfDescribingJson object at 0x000002228FC962D0>]}
[0m16:32:20.739663 [info ] [MainThread]: Found 4 models, 27 data tests, 1 source, 426 macros
[0m16:32:20.739663 [debug] [MainThread]: Sending event: {'category': 'dbt', 'action': 'runnable_timing', 'label': 'fc6e0a5b-55d1-4e84-bc33-ef4f0e5b3f54', 'context': [<snowplow_tracker.self_describing_json.SelfDescribingJson object at 0x000002228D522660>]}
[0m16:32:20.741808 [info ] [MainThread]: 
[0m16:32:20.741808 [debug] [MainThread]: Acquiring new duckdb connection 'master'
[0m16:32:20.746989 [debug] [ThreadPool]: Acquiring new duckdb connection 'list_nyc_taxi'
[0m16:32:20.760397 [debug] [ThreadPool]: Acquiring new duckdb connection 'list_nyc_taxi'
[0m16:32:20.762401 [debug] [ThreadPool]: Acquiring new duckdb connection 'list_nyc_taxi'
[0m16:32:20.850076 [debug] [ThreadPool]: Using duckdb connection "list_nyc_taxi"
[0m16:32:20.850076 [debug] [ThreadPool]: On list_nyc_taxi: /* {"app": "dbt", "dbt_version": "1.8.9", "profile_name": "nyc_taxi_lakehouse", "target_name": "dev", "connection_name": "list_nyc_taxi"} */

    
    select schema_name
    from system.information_schema.schemata
    
    where catalog_name = '"nyc_taxi"'
    
  
  
[0m16:32:20.850076 [debug] [ThreadPool]: Opening a new connection, currently in state init
[0m16:32:20.850076 [debug] [ThreadPool]: Using duckdb connection "list_nyc_taxi"
[0m16:32:20.850076 [debug] [ThreadPool]: On list_nyc_taxi: /* {"app": "dbt", "dbt_version": "1.8.9", "profile_name": "nyc_taxi_lakehouse", "target_name": "dev", "connection_name": "list_nyc_taxi"} */

    
    select schema_name
    from system.information_schema.schemata
    
    where catalog_name = '"nyc_taxi"'
    
  
  
[0m16:32:20.850076 [debug] [ThreadPool]: Opening a new connection, currently in state init
[0m16:32:20.850076 [debug] [ThreadPool]: Using duckdb connection "list_nyc_taxi"
[0m16:32:20.850076 [debug] [ThreadPool]: On list_nyc_taxi: /* {"app": "dbt", "dbt_version": "1.8.9", "profile_name": "nyc_taxi_lakehouse", "target_name": "dev", "connection_name": "list_nyc_taxi"} */

    
    select schema_name
    from system.information_schema.schemata
    
    where catalog_name = '"nyc_taxi"'
    
  
  
[0m16:32:20.850076 [debug] [ThreadPool]: Opening a new connection, currently in state init
[0m16:32:20.866238 [debug] [ThreadPool]: SQL status: OK in 0.010 seconds
[0m16:32:20.866238 [debug] [ThreadPool]: On list_nyc_taxi: Close
[0m16:32:20.866238 [debug] [ThreadPool]: SQL status: OK in 0.011 seconds
[0m16:32:20.866238 [debug] [ThreadPool]: On list_nyc_taxi: Close
[0m16:32:20.866238 [debug] [ThreadPool]: SQL status: OK in 0.015 seconds
[0m16:32:20.866238 [debug] [ThreadPool]: On list_nyc_taxi: Close
[0m16:32:20.866238 [debug] [ThreadPool]: Re-using an available connection from the pool (formerly list_nyc_taxi, now create_nyc_taxi_main_marts)
[0m16:32:20.879764 [debug] [ThreadPool]: Creating schema "database: "nyc_taxi"
schema: "main_marts"
"
[0m16:32:20.885784 [debug] [ThreadPool]: Using duckdb connection "create_nyc_taxi_main_marts"
[0m16:32:20.885784 [debug] [ThreadPool]: On create_nyc_taxi_main_marts: /* {"app": "dbt", "dbt_version": "1.8.9", "profile_name": "nyc_taxi_lakehouse", "target_name": "dev", "connection_name": "create_nyc_taxi_main_marts"} */

    
        select type from duckdb_databases()
        where database_name='nyc_taxi'
        and type='sqlite'
    
  
[0m16:32:20.885784 [debug] [ThreadPool]: Opening a new connection, currently in state closed
[0m16:32:20.885784 [debug] [ThreadPool]: Re-using an available connection from the pool (formerly list_nyc_taxi, now create_nyc_taxi_main_intermediate)
[0m16:32:20.887789 [debug] [ThreadPool]: Creating schema "database: "nyc_taxi"
schema: "main_intermediate"
"
[0m16:32:20.889795 [debug] [ThreadPool]: Using duckdb connection "create_nyc_taxi_main_intermediate"
[0m16:32:20.889795 [debug] [ThreadPool]: Re-using an available connection from the pool (formerly list_nyc_taxi, now create_nyc_taxi_main_staging)
[0m16:32:20.889795 [debug] [ThreadPool]: On create_nyc_taxi_main_intermediate: /* {"app": "dbt", "dbt_version": "1.8.9", "profile_name": "nyc_taxi_lakehouse", "target_name": "dev", "connection_name": "create_nyc_taxi_main_intermediate"} */

    
        select type from duckdb_databases()
        where database_name='nyc_taxi'
        and type='sqlite'
    
  
[0m16:32:20.889795 [debug] [ThreadPool]: Creating schema "database: "nyc_taxi"
schema: "main_staging"
"
[0m16:32:20.889795 [debug] [ThreadPool]: Opening a new connection, currently in state closed
[0m16:32:20.893808 [debug] [ThreadPool]: Using duckdb connection "create_nyc_taxi_main_staging"
[0m16:32:20.893808 [debug] [ThreadPool]: On create_nyc_taxi_main_staging: /* {"app": "dbt", "dbt_version": "1.8.9", "profile_name": "nyc_taxi_lakehouse", "target_name": "dev", "connection_name": "create_nyc_taxi_main_staging"} */

    
        select type from duckdb_databases()
        where database_name='nyc_taxi'
        and type='sqlite'
    
  
[0m16:32:20.893808 [debug] [ThreadPool]: Opening a new connection, currently in state closed
[0m16:32:20.893808 [debug] [ThreadPool]: SQL status: OK in 0.009 seconds
[0m16:32:20.893808 [debug] [ThreadPool]: Using duckdb connection "create_nyc_taxi_main_marts"
[0m16:32:20.897565 [debug] [ThreadPool]: On create_nyc_taxi_main_marts: BEGIN
[0m16:32:20.897565 [debug] [ThreadPool]: SQL status: OK in 0.003 seconds
[0m16:32:20.897565 [debug] [ThreadPool]: Using duckdb connection "create_nyc_taxi_main_staging"
[0m16:32:20.897565 [debug] [ThreadPool]: On create_nyc_taxi_main_staging: BEGIN
[0m16:32:20.897565 [debug] [ThreadPool]: SQL status: OK in 0.009 seconds
[0m16:32:20.897565 [debug] [ThreadPool]: Using duckdb connection "create_nyc_taxi_main_intermediate"
[0m16:32:20.897565 [debug] [ThreadPool]: On create_nyc_taxi_main_intermediate: BEGIN
[0m16:32:20.897565 [debug] [ThreadPool]: SQL status: OK in 0.004 seconds
[0m16:32:20.897565 [debug] [ThreadPool]: Using duckdb connection "create_nyc_taxi_main_marts"
[0m16:32:20.897565 [debug] [ThreadPool]: On create_nyc_taxi_main_marts: /* {"app": "dbt", "dbt_version": "1.8.9", "profile_name": "nyc_taxi_lakehouse", "target_name": "dev", "connection_name": "create_nyc_taxi_main_marts"} */

    
    
        create schema if not exists "nyc_taxi"."main_marts"
    
[0m16:32:20.897565 [debug] [ThreadPool]: SQL status: OK in 0.003 seconds
[0m16:32:20.897565 [debug] [ThreadPool]: Using duckdb connection "create_nyc_taxi_main_staging"
[0m16:32:20.897565 [debug] [ThreadPool]: On create_nyc_taxi_main_staging: /* {"app": "dbt", "dbt_version": "1.8.9", "profile_name": "nyc_taxi_lakehouse", "target_name": "dev", "connection_name": "create_nyc_taxi_main_staging"} */

    
    
        create schema if not exists "nyc_taxi"."main_staging"
    
[0m16:32:20.897565 [debug] [ThreadPool]: SQL status: OK in 0.002 seconds
[0m16:32:20.897565 [debug] [ThreadPool]: Using duckdb connection "create_nyc_taxi_main_intermediate"
[0m16:32:20.897565 [debug] [ThreadPool]: On create_nyc_taxi_main_intermediate: /* {"app": "dbt", "dbt_version": "1.8.9", "profile_name": "nyc_taxi_lakehouse", "target_name": "dev", "connection_name": "create_nyc_taxi_main_intermediate"} */

    
    
        create schema if not exists "nyc_taxi"."main_intermediate"
    
[0m16:32:20.897565 [debug] [ThreadPool]: SQL status: OK in 0.001 seconds
[0m16:32:20.897565 [debug] [ThreadPool]: On create_nyc_taxi_main_staging: COMMIT
[0m16:32:20.897565 [debug] [ThreadPool]: Using duckdb connection "create_nyc_taxi_main_staging"
[0m16:32:20.897565 [debug] [ThreadPool]: On create_nyc_taxi_main_staging: COMMIT
[0m16:32:20.897565 [debug] [ThreadPool]: SQL status: OK in 0.002 seconds
[0m16:32:20.897565 [debug] [ThreadPool]: On create_nyc_taxi_main_intermediate: COMMIT
[0m16:32:20.897565 [debug] [ThreadPool]: Using duckdb connection "create_nyc_taxi_main_intermediate"
[0m16:32:20.897565 [debug] [ThreadPool]: On create_nyc_taxi_main_intermediate: COMMIT
[0m16:32:20.897565 [debug] [ThreadPool]: SQL status: OK in 0.006 seconds
[0m16:32:20.897565 [debug] [ThreadPool]: On create_nyc_taxi_main_marts: COMMIT
[0m16:32:20.897565 [debug] [ThreadPool]: Using duckdb connection "create_nyc_taxi_main_marts"
[0m16:32:20.897565 [debug] [ThreadPool]: On create_nyc_taxi_main_marts: COMMIT
[0m16:32:20.897565 [debug] [ThreadPool]: SQL status: OK in 0.002 seconds
[0m16:32:20.897565 [debug] [ThreadPool]: On create_nyc_taxi_main_intermediate: Close
[0m16:32:20.897565 [debug] [ThreadPool]: SQL status: OK in 0.005 seconds
[0m16:32:20.897565 [debug] [ThreadPool]: On create_nyc_taxi_main_staging: Close
[0m16:32:20.897565 [debug] [ThreadPool]: SQL status: OK in 0.002 seconds
[0m16:32:20.897565 [debug] [ThreadPool]: On create_nyc_taxi_main_marts: Close
[0m16:32:20.913332 [debug] [ThreadPool]: Acquiring new duckdb connection 'list_nyc_taxi_main_marts'
[0m16:32:20.913332 [debug] [ThreadPool]: Using duckdb connection "list_nyc_taxi_main_marts"
[0m16:32:20.913332 [debug] [ThreadPool]: On list_nyc_taxi_main_marts: BEGIN
[0m16:32:20.913332 [debug] [ThreadPool]: Opening a new connection, currently in state init
[0m16:32:20.913332 [debug] [ThreadPool]: Acquiring new duckdb connection 'list_nyc_taxi_main_intermediate'
[0m16:32:20.913332 [debug] [ThreadPool]: Using duckdb connection "list_nyc_taxi_main_intermediate"
[0m16:32:20.913332 [debug] [ThreadPool]: On list_nyc_taxi_main_intermediate: BEGIN
[0m16:32:20.913332 [debug] [ThreadPool]: Opening a new connection, currently in state init
[0m16:32:20.913332 [debug] [ThreadPool]: Acquiring new duckdb connection 'list_nyc_taxi_main_staging'
[0m16:32:20.913332 [debug] [ThreadPool]: Using duckdb connection "list_nyc_taxi_main_staging"
[0m16:32:20.913332 [debug] [ThreadPool]: On list_nyc_taxi_main_staging: BEGIN
[0m16:32:20.913332 [debug] [ThreadPool]: Opening a new connection, currently in state init
[0m16:32:20.928996 [debug] [ThreadPool]: SQL status: OK in 0.002 seconds
[0m16:32:20.928996 [debug] [ThreadPool]: Using duckdb connection "list_nyc_taxi_main_staging"
[0m16:32:20.928996 [debug] [ThreadPool]: On list_nyc_taxi_main_staging: /* {"app": "dbt", "dbt_version": "1.8.9", "profile_name": "nyc_taxi_lakehouse", "target_name": "dev", "connection_name": "list_nyc_taxi_main_staging"} */
select
      'nyc_taxi' as database,
      table_name as name,
      table_schema as schema,
      CASE table_type
        WHEN 'BASE TABLE' THEN 'table'
        WHEN 'VIEW' THEN 'view'
        WHEN 'LOCAL TEMPORARY' THEN 'table'
        END as type
    from system.information_schema.tables
    where table_schema = 'main_staging'
    and table_catalog = 'nyc_taxi'
  
[0m16:32:20.928996 [debug] [ThreadPool]: SQL status: OK in 0.006 seconds
[0m16:32:20.928996 [debug] [ThreadPool]: Using duckdb connection "list_nyc_taxi_main_intermediate"
[0m16:32:20.928996 [debug] [ThreadPool]: On list_nyc_taxi_main_intermediate: /* {"app": "dbt", "dbt_version": "1.8.9", "profile_name": "nyc_taxi_lakehouse", "target_name": "dev", "connection_name": "list_nyc_taxi_main_intermediate"} */
select
      'nyc_taxi' as database,
      table_name as name,
      table_schema as schema,
      CASE table_type
        WHEN 'BASE TABLE' THEN 'table'
        WHEN 'VIEW' THEN 'view'
        WHEN 'LOCAL TEMPORARY' THEN 'table'
        END as type
    from system.information_schema.tables
    where table_schema = 'main_intermediate'
    and table_catalog = 'nyc_taxi'
  
[0m16:32:20.913332 [debug] [ThreadPool]: SQL status: OK in 0.008 seconds
[0m16:32:20.928996 [debug] [ThreadPool]: Using duckdb connection "list_nyc_taxi_main_marts"
[0m16:32:20.928996 [debug] [ThreadPool]: On list_nyc_taxi_main_marts: /* {"app": "dbt", "dbt_version": "1.8.9", "profile_name": "nyc_taxi_lakehouse", "target_name": "dev", "connection_name": "list_nyc_taxi_main_marts"} */
select
      'nyc_taxi' as database,
      table_name as name,
      table_schema as schema,
      CASE table_type
        WHEN 'BASE TABLE' THEN 'table'
        WHEN 'VIEW' THEN 'view'
        WHEN 'LOCAL TEMPORARY' THEN 'table'
        END as type
    from system.information_schema.tables
    where table_schema = 'main_marts'
    and table_catalog = 'nyc_taxi'
  
[0m16:32:20.963180 [debug] [ThreadPool]: SQL status: OK in 0.034 seconds
[0m16:32:20.963180 [debug] [ThreadPool]: SQL status: OK in 0.033 seconds
[0m16:32:20.963180 [debug] [ThreadPool]: On list_nyc_taxi_main_marts: ROLLBACK
[0m16:32:20.963180 [debug] [ThreadPool]: SQL status: OK in 0.036 seconds
[0m16:32:20.963180 [debug] [ThreadPool]: On list_nyc_taxi_main_intermediate: ROLLBACK
[0m16:32:20.963180 [debug] [ThreadPool]: On list_nyc_taxi_main_staging: ROLLBACK
[0m16:32:20.963180 [debug] [ThreadPool]: Failed to rollback 'list_nyc_taxi_main_intermediate'
[0m16:32:20.963180 [debug] [ThreadPool]: On list_nyc_taxi_main_intermediate: Close
[0m16:32:20.963180 [debug] [ThreadPool]: Failed to rollback 'list_nyc_taxi_main_staging'
[0m16:32:20.963180 [debug] [ThreadPool]: On list_nyc_taxi_main_staging: Close
[0m16:32:20.963180 [debug] [ThreadPool]: Failed to rollback 'list_nyc_taxi_main_marts'
[0m16:32:20.963180 [debug] [ThreadPool]: On list_nyc_taxi_main_marts: Close
[0m16:32:20.963180 [debug] [MainThread]: Sending event: {'category': 'dbt', 'action': 'runnable_timing', 'label': 'fc6e0a5b-55d1-4e84-bc33-ef4f0e5b3f54', 'context': [<snowplow_tracker.self_describing_json.SelfDescribingJson object at 0x000002228FD55280>]}
[0m16:32:20.963180 [debug] [MainThread]: Using duckdb connection "master"
[0m16:32:20.977089 [debug] [MainThread]: On master: BEGIN
[0m16:32:20.977089 [debug] [MainThread]: Opening a new connection, currently in state init
[0m16:32:20.985113 [debug] [MainThread]: SQL status: OK in 0.008 seconds
[0m16:32:20.985113 [debug] [MainThread]: On master: COMMIT
[0m16:32:20.985113 [debug] [MainThread]: Using duckdb connection "master"
[0m16:32:20.985113 [debug] [MainThread]: On master: COMMIT
[0m16:32:20.985113 [debug] [MainThread]: SQL status: OK in 0.000 seconds
[0m16:32:20.987118 [debug] [MainThread]: On master: Close
[0m16:32:20.987118 [info ] [MainThread]: Concurrency: 4 threads (target='dev')
[0m16:32:20.987118 [info ] [MainThread]: 
[0m16:32:20.987118 [debug] [Thread-1 (]: Began running node model.nyc_taxi_lakehouse.stg_yellow_trips
[0m16:32:20.987118 [info ] [Thread-1 (]: 1 of 4 START sql view model main_staging.stg_yellow_trips ...................... [RUN]
[0m16:32:20.992733 [debug] [Thread-1 (]: Acquiring new duckdb connection 'model.nyc_taxi_lakehouse.stg_yellow_trips'
[0m16:32:20.992733 [debug] [Thread-1 (]: Began compiling node model.nyc_taxi_lakehouse.stg_yellow_trips
[0m16:32:20.992733 [debug] [Thread-1 (]: Writing injected SQL for node "model.nyc_taxi_lakehouse.stg_yellow_trips"
[0m16:32:20.992733 [debug] [Thread-1 (]: Began executing node model.nyc_taxi_lakehouse.stg_yellow_trips
[0m16:32:21.034266 [debug] [Thread-1 (]: Writing runtime sql for node "model.nyc_taxi_lakehouse.stg_yellow_trips"
[0m16:32:21.034266 [debug] [Thread-1 (]: Using duckdb connection "model.nyc_taxi_lakehouse.stg_yellow_trips"
[0m16:32:21.034266 [debug] [Thread-1 (]: On model.nyc_taxi_lakehouse.stg_yellow_trips: BEGIN
[0m16:32:21.034266 [debug] [Thread-1 (]: Opening a new connection, currently in state init
[0m16:32:21.034266 [debug] [Thread-1 (]: SQL status: OK in 0.007 seconds
[0m16:32:21.034266 [debug] [Thread-1 (]: Using duckdb connection "model.nyc_taxi_lakehouse.stg_yellow_trips"
[0m16:32:21.034266 [debug] [Thread-1 (]: On model.nyc_taxi_lakehouse.stg_yellow_trips: /* {"app": "dbt", "dbt_version": "1.8.9", "profile_name": "nyc_taxi_lakehouse", "target_name": "dev", "node_id": "model.nyc_taxi_lakehouse.stg_yellow_trips"} */

  
  create view "nyc_taxi"."main_staging"."stg_yellow_trips__dbt_tmp" as (
    -- models/staging/stg_yellow_trips.sql
-- ------------------------------------
-- Staging: renomeia colunas para snake_case legível,
-- padroniza tipos e remove ambiguidade de nomenclatura.
--
-- Decisão: staging não filtra, não agrega, não aplica regra de negócio.
-- É uma camada de contrato entre a fonte e os modelos downstream.

with source as (

    select * from "nyc_taxi"."trusted"."yellow_tripdata_2023_01"

),

renamed as (

    select
        -- identifiers
        VendorID                    as vendor_id,
        RatecodeID                  as rate_code_id,
        PULocationID                as pickup_location_id,
        DOLocationID                as dropoff_location_id,
        payment_type                as payment_type_id,

        -- timestamps
        tpep_pickup_datetime        as pickup_at,
        tpep_dropoff_datetime       as dropoff_at,
        pickup_date,
        pickup_hour,

        -- métricas da corrida
        passenger_count,
        trip_distance,
        trip_duration_minutes,

        -- valores financeiros
        fare_amount,
        extra,
        mta_tax,
        tip_amount,
        tolls_amount,
        improvement_surcharge,
        total_amount,
        congestion_surcharge,
        airport_fee,

        -- flags
        store_and_fwd_flag

    from source

)

select * from renamed
  );

[0m16:32:21.072577 [debug] [Thread-1 (]: DuckDB adapter: Error running SQL: /* {"app": "dbt", "dbt_version": "1.8.9", "profile_name": "nyc_taxi_lakehouse", "target_name": "dev", "node_id": "model.nyc_taxi_lakehouse.stg_yellow_trips"} */

  
  create view "nyc_taxi"."main_staging"."stg_yellow_trips__dbt_tmp" as (
    -- models/staging/stg_yellow_trips.sql
-- ------------------------------------
-- Staging: renomeia colunas para snake_case legível,
-- padroniza tipos e remove ambiguidade de nomenclatura.
--
-- Decisão: staging não filtra, não agrega, não aplica regra de negócio.
-- É uma camada de contrato entre a fonte e os modelos downstream.

with source as (

    select * from "nyc_taxi"."trusted"."yellow_tripdata_2023_01"

),

renamed as (

    select
        -- identifiers
        VendorID                    as vendor_id,
        RatecodeID                  as rate_code_id,
        PULocationID                as pickup_location_id,
        DOLocationID                as dropoff_location_id,
        payment_type                as payment_type_id,

        -- timestamps
        tpep_pickup_datetime        as pickup_at,
        tpep_dropoff_datetime       as dropoff_at,
        pickup_date,
        pickup_hour,

        -- métricas da corrida
        passenger_count,
        trip_distance,
        trip_duration_minutes,

        -- valores financeiros
        fare_amount,
        extra,
        mta_tax,
        tip_amount,
        tolls_amount,
        improvement_surcharge,
        total_amount,
        congestion_surcharge,
        airport_fee,

        -- flags
        store_and_fwd_flag

    from source

)

select * from renamed
  );

[0m16:32:21.073575 [debug] [Thread-1 (]: DuckDB adapter: Rolling back transaction.
[0m16:32:21.073575 [debug] [Thread-1 (]: On model.nyc_taxi_lakehouse.stg_yellow_trips: ROLLBACK
[0m16:32:21.078576 [debug] [Thread-1 (]: Failed to rollback 'model.nyc_taxi_lakehouse.stg_yellow_trips'
[0m16:32:21.079577 [debug] [Thread-1 (]: On model.nyc_taxi_lakehouse.stg_yellow_trips: Close
[0m16:32:21.084544 [debug] [Thread-1 (]: Runtime Error in model stg_yellow_trips (models\staging\stg_yellow_trips.sql)
  Catalog Error: Table with name yellow_tripdata_2023_01 does not exist!
  Did you mean "nyc_taxi.pg_catalog.pg_attrdef"?
  LINE 15:     select * from "nyc_taxi"."trusted"."yellow_tripdata_2023_01"
  
  ),
  
  renamed as (
  
      select
          -- identifiers
          VendorID                    as vendor_id,
          RatecodeID                  as rate_code_id,
          PULocationID                as pickup_location_id,
          DOLocationID                as dropoff_location_id,
          payment_type                as payment_type_id,
  
          -- timestamps
          tpep_pickup_datetime        as pickup_at,
          tpep_dropoff_datetime       as dropoff_at,
          pickup_date,
          pickup_hour,
  
          -- métricas da corrida
          passenger_count,
          trip_distance,
          trip_duration_minutes,
  
          -- valores financeiros
          fare_amount,
          extra,
          mta_tax,
          tip_amount,
          tolls_amount,
          improvement_surcharge,
          total_amount,
          congestion_surcharge,
          airport_fee,
  
          -- flags
          store_and_fwd_flag
  
      from source
  
  )
  
  select * from renamed
    );
  ...
                             ^
[0m16:32:21.084544 [debug] [Thread-1 (]: Sending event: {'category': 'dbt', 'action': 'run_model', 'label': 'fc6e0a5b-55d1-4e84-bc33-ef4f0e5b3f54', 'context': [<snowplow_tracker.self_describing_json.SelfDescribingJson object at 0x000002228E360530>]}
[0m16:32:21.084544 [error] [Thread-1 (]: 1 of 4 ERROR creating sql view model main_staging.stg_yellow_trips ............. [[31mERROR[0m in 0.09s]
[0m16:32:21.084544 [debug] [Thread-1 (]: Finished running node model.nyc_taxi_lakehouse.stg_yellow_trips
[0m16:32:21.084544 [debug] [Thread-3 (]: Began running node model.nyc_taxi_lakehouse.int_trips_enriched
[0m16:32:21.084544 [info ] [Thread-3 (]: 2 of 4 SKIP relation main_intermediate.int_trips_enriched ...................... [[33mSKIP[0m]
[0m16:32:21.084544 [debug] [Thread-3 (]: Finished running node model.nyc_taxi_lakehouse.int_trips_enriched
[0m16:32:21.084544 [debug] [Thread-2 (]: Began running node model.nyc_taxi_lakehouse.fct_trips
[0m16:32:21.084544 [info ] [Thread-2 (]: 3 of 4 SKIP relation main_marts.fct_trips ...................................... [[33mSKIP[0m]
[0m16:32:21.084544 [debug] [Thread-2 (]: Finished running node model.nyc_taxi_lakehouse.fct_trips
[0m16:32:21.093023 [debug] [Thread-4 (]: Began running node model.nyc_taxi_lakehouse.mart_daily_summary
[0m16:32:21.093023 [info ] [Thread-4 (]: 4 of 4 SKIP relation main_marts.mart_daily_summary ............................. [[33mSKIP[0m]
[0m16:32:21.094057 [debug] [Thread-4 (]: Finished running node model.nyc_taxi_lakehouse.mart_daily_summary
[0m16:32:21.095028 [debug] [MainThread]: Using duckdb connection "master"
[0m16:32:21.095028 [debug] [MainThread]: On master: BEGIN
[0m16:32:21.096064 [debug] [MainThread]: Opening a new connection, currently in state closed
[0m16:32:21.103827 [debug] [MainThread]: SQL status: OK in 0.008 seconds
[0m16:32:21.103827 [debug] [MainThread]: On master: COMMIT
[0m16:32:21.105149 [debug] [MainThread]: Using duckdb connection "master"
[0m16:32:21.105149 [debug] [MainThread]: On master: COMMIT
[0m16:32:21.106158 [debug] [MainThread]: SQL status: OK in 0.000 seconds
[0m16:32:21.106158 [debug] [MainThread]: On master: Close
[0m16:32:21.108151 [debug] [MainThread]: Connection 'master' was properly closed.
[0m16:32:21.108151 [debug] [MainThread]: Connection 'create_nyc_taxi_main_staging' was properly closed.
[0m16:32:21.108151 [debug] [MainThread]: Connection 'create_nyc_taxi_main_intermediate' was properly closed.
[0m16:32:21.109151 [debug] [MainThread]: Connection 'create_nyc_taxi_main_marts' was properly closed.
[0m16:32:21.109151 [debug] [MainThread]: Connection 'list_nyc_taxi_main_marts' was properly closed.
[0m16:32:21.109151 [debug] [MainThread]: Connection 'list_nyc_taxi_main_intermediate' was properly closed.
[0m16:32:21.109151 [debug] [MainThread]: Connection 'list_nyc_taxi_main_staging' was properly closed.
[0m16:32:21.110151 [debug] [MainThread]: Connection 'model.nyc_taxi_lakehouse.stg_yellow_trips' was properly closed.
[0m16:32:21.110151 [info ] [MainThread]: 
[0m16:32:21.110151 [info ] [MainThread]: Finished running 2 view models, 2 table models in 0 hours 0 minutes and 0.37 seconds (0.37s).
[0m16:32:21.110151 [debug] [MainThread]: Command end result
[0m16:32:21.134466 [info ] [MainThread]: 
[0m16:32:21.134466 [info ] [MainThread]: [31mCompleted with 1 error and 0 warnings:[0m
[0m16:32:21.134466 [info ] [MainThread]: 
[0m16:32:21.134466 [error] [MainThread]:   Runtime Error in model stg_yellow_trips (models\staging\stg_yellow_trips.sql)
  Catalog Error: Table with name yellow_tripdata_2023_01 does not exist!
  Did you mean "nyc_taxi.pg_catalog.pg_attrdef"?
  LINE 15:     select * from "nyc_taxi"."trusted"."yellow_tripdata_2023_01"
  
  ),
  
  renamed as (
  
      select
          -- identifiers
          VendorID                    as vendor_id,
          RatecodeID                  as rate_code_id,
          PULocationID                as pickup_location_id,
          DOLocationID                as dropoff_location_id,
          payment_type                as payment_type_id,
  
          -- timestamps
          tpep_pickup_datetime        as pickup_at,
          tpep_dropoff_datetime       as dropoff_at,
          pickup_date,
          pickup_hour,
  
          -- métricas da corrida
          passenger_count,
          trip_distance,
          trip_duration_minutes,
  
          -- valores financeiros
          fare_amount,
          extra,
          mta_tax,
          tip_amount,
          tolls_amount,
          improvement_surcharge,
          total_amount,
          congestion_surcharge,
          airport_fee,
  
          -- flags
          store_and_fwd_flag
  
      from source
  
  )
  
  select * from renamed
    );
  ...
                             ^
[0m16:32:21.134466 [info ] [MainThread]: 
[0m16:32:21.134466 [info ] [MainThread]: Done. PASS=0 WARN=0 ERROR=1 SKIP=3 TOTAL=4
[0m16:32:21.134466 [debug] [MainThread]: Command `dbt run` failed at 16:32:21.134466 after 1.48 seconds
[0m16:32:21.134466 [debug] [MainThread]: Sending event: {'category': 'dbt', 'action': 'invocation', 'label': 'end', 'context': [<snowplow_tracker.self_describing_json.SelfDescribingJson object at 0x000002229181BE60>, <snowplow_tracker.self_describing_json.SelfDescribingJson object at 0x000002229181BBC0>, <snowplow_tracker.self_describing_json.SelfDescribingJson object at 0x000002229181BDA0>]}
[0m16:32:21.134466 [debug] [MainThread]: Flushing usage events
[0m16:33:52.634265 [debug] [MainThread]: Sending event: {'category': 'dbt', 'action': 'invocation', 'label': 'start', 'context': [<snowplow_tracker.self_describing_json.SelfDescribingJson object at 0x0000023F42C0F890>, <snowplow_tracker.self_describing_json.SelfDescribingJson object at 0x0000023F4280F7A0>, <snowplow_tracker.self_describing_json.SelfDescribingJson object at 0x0000023F4280CC20>]}


============================== 16:33:52.634265 | 3477ae0d-007c-4c9c-a225-3c3ec355ba50 ==============================
[0m16:33:52.634265 [info ] [MainThread]: Running with dbt=1.8.9
[0m16:33:52.634265 [debug] [MainThread]: running dbt with arguments {'printer_width': '80', 'indirect_selection': 'eager', 'log_cache_events': 'False', 'write_json': 'True', 'partial_parse': 'True', 'cache_selected_only': 'False', 'profiles_dir': 'C:\\Users\\joaob\\Downloads\\nyc_taxi_lakehouse\\dbt_project', 'version_check': 'True', 'warn_error': 'None', 'log_path': 'C:\\Users\\joaob\\Downloads\\nyc_taxi_lakehouse\\dbt_project\\logs', 'fail_fast': 'False', 'debug': 'False', 'use_colors': 'True', 'use_experimental_parser': 'False', 'empty': 'False', 'quiet': 'False', 'no_print': 'None', 'log_format': 'default', 'static_parser': 'True', 'warn_error_options': 'WarnErrorOptions(include=[], exclude=[])', 'introspect': 'True', 'target_path': 'None', 'invocation_command': 'dbt run', 'send_anonymous_usage_stats': 'True'}
[0m16:33:52.869984 [debug] [MainThread]: Sending event: {'category': 'dbt', 'action': 'project_id', 'label': '3477ae0d-007c-4c9c-a225-3c3ec355ba50', 'context': [<snowplow_tracker.self_describing_json.SelfDescribingJson object at 0x0000023F404C2EA0>]}
[0m16:33:52.933559 [debug] [MainThread]: Sending event: {'category': 'dbt', 'action': 'adapter_info', 'label': '3477ae0d-007c-4c9c-a225-3c3ec355ba50', 'context': [<snowplow_tracker.self_describing_json.SelfDescribingJson object at 0x0000023F42A661B0>]}
[0m16:33:52.933559 [info ] [MainThread]: Registered adapter: duckdb=1.8.4
[0m16:33:53.365146 [debug] [MainThread]: checksum: 132857a23e9d07220246854f7763165174ce9b737cfc7867629ace4294e520b1, vars: {}, profile: , target: , version: 1.8.9
[0m16:33:53.465532 [info ] [MainThread]: Unable to do partial parsing because profile has changed
[0m16:33:53.465532 [debug] [MainThread]: Sending event: {'category': 'dbt', 'action': 'partial_parser', 'label': '3477ae0d-007c-4c9c-a225-3c3ec355ba50', 'context': [<snowplow_tracker.self_describing_json.SelfDescribingJson object at 0x0000023F4241F530>]}
[0m16:33:54.436008 [warn ] [MainThread]: [[33mWARNING[0m]: Deprecated functionality
The `tests` config has been renamed to `data_tests`. Please see
https://docs.getdbt.com/docs/build/data-tests#new-data_tests-syntax for more
information.
[0m16:33:54.436008 [debug] [MainThread]: Sending event: {'category': 'dbt', 'action': 'deprecation', 'label': '3477ae0d-007c-4c9c-a225-3c3ec355ba50', 'property_': 'warn', 'context': [<snowplow_tracker.self_describing_json.SelfDescribingJson object at 0x0000023F43EE8860>]}
[0m16:33:54.804376 [debug] [MainThread]: Sending event: {'category': 'dbt', 'action': 'load_project', 'label': '3477ae0d-007c-4c9c-a225-3c3ec355ba50', 'context': [<snowplow_tracker.self_describing_json.SelfDescribingJson object at 0x0000023F42D3CE00>]}
[0m16:33:54.899487 [debug] [MainThread]: Sending event: {'category': 'dbt', 'action': 'resource_counts', 'label': '3477ae0d-007c-4c9c-a225-3c3ec355ba50', 'context': [<snowplow_tracker.self_describing_json.SelfDescribingJson object at 0x0000023F444AD0A0>]}
[0m16:33:54.915329 [info ] [MainThread]: Found 4 models, 27 data tests, 1 source, 426 macros
[0m16:33:54.915329 [debug] [MainThread]: Sending event: {'category': 'dbt', 'action': 'runnable_timing', 'label': '3477ae0d-007c-4c9c-a225-3c3ec355ba50', 'context': [<snowplow_tracker.self_describing_json.SelfDescribingJson object at 0x0000023F44303CE0>]}
[0m16:33:54.915329 [info ] [MainThread]: 
[0m16:33:54.915329 [debug] [MainThread]: Acquiring new duckdb connection 'master'
[0m16:33:54.915329 [debug] [ThreadPool]: Acquiring new duckdb connection 'list_nyc_taxi'
[0m16:33:54.931244 [debug] [ThreadPool]: Acquiring new duckdb connection 'list_nyc_taxi'
[0m16:33:54.936372 [debug] [ThreadPool]: Acquiring new duckdb connection 'list_nyc_taxi'
[0m16:33:55.036565 [debug] [ThreadPool]: Using duckdb connection "list_nyc_taxi"
[0m16:33:55.036565 [debug] [ThreadPool]: On list_nyc_taxi: /* {"app": "dbt", "dbt_version": "1.8.9", "profile_name": "nyc_taxi_lakehouse", "target_name": "dev", "connection_name": "list_nyc_taxi"} */

    
    select schema_name
    from system.information_schema.schemata
    
    where catalog_name = '"nyc_taxi"'
    
  
  
[0m16:33:55.036565 [debug] [ThreadPool]: Opening a new connection, currently in state init
[0m16:33:55.036565 [debug] [ThreadPool]: Using duckdb connection "list_nyc_taxi"
[0m16:33:55.036565 [debug] [ThreadPool]: Using duckdb connection "list_nyc_taxi"
[0m16:33:55.036565 [debug] [ThreadPool]: On list_nyc_taxi: /* {"app": "dbt", "dbt_version": "1.8.9", "profile_name": "nyc_taxi_lakehouse", "target_name": "dev", "connection_name": "list_nyc_taxi"} */

    
    select schema_name
    from system.information_schema.schemata
    
    where catalog_name = '"nyc_taxi"'
    
  
  
[0m16:33:55.036565 [debug] [ThreadPool]: On list_nyc_taxi: /* {"app": "dbt", "dbt_version": "1.8.9", "profile_name": "nyc_taxi_lakehouse", "target_name": "dev", "connection_name": "list_nyc_taxi"} */

    
    select schema_name
    from system.information_schema.schemata
    
    where catalog_name = '"nyc_taxi"'
    
  
  
[0m16:33:55.036565 [debug] [ThreadPool]: Opening a new connection, currently in state init
[0m16:33:55.036565 [debug] [ThreadPool]: Opening a new connection, currently in state init
[0m16:33:57.450841 [debug] [ThreadPool]: SQL status: OK in 2.411 seconds
[0m16:33:57.450841 [debug] [ThreadPool]: SQL status: OK in 2.415 seconds
[0m16:33:57.450841 [debug] [ThreadPool]: SQL status: OK in 2.413 seconds
[0m16:33:57.450841 [debug] [ThreadPool]: On list_nyc_taxi: Close
[0m16:33:57.450841 [debug] [ThreadPool]: On list_nyc_taxi: Close
[0m16:33:57.450841 [debug] [ThreadPool]: On list_nyc_taxi: Close
[0m16:33:57.466641 [debug] [ThreadPool]: Re-using an available connection from the pool (formerly list_nyc_taxi, now create_nyc_taxi_main_marts)
[0m16:33:57.466641 [debug] [ThreadPool]: Creating schema "database: "nyc_taxi"
schema: "main_marts"
"
[0m16:33:57.466641 [debug] [ThreadPool]: Using duckdb connection "create_nyc_taxi_main_marts"
[0m16:33:57.466641 [debug] [ThreadPool]: On create_nyc_taxi_main_marts: /* {"app": "dbt", "dbt_version": "1.8.9", "profile_name": "nyc_taxi_lakehouse", "target_name": "dev", "connection_name": "create_nyc_taxi_main_marts"} */

    
        select type from duckdb_databases()
        where database_name='nyc_taxi'
        and type='sqlite'
    
  
[0m16:33:57.466641 [debug] [ThreadPool]: Opening a new connection, currently in state closed
[0m16:33:57.466641 [debug] [ThreadPool]: Re-using an available connection from the pool (formerly list_nyc_taxi, now create_nyc_taxi_main_intermediate)
[0m16:33:57.466641 [debug] [ThreadPool]: Re-using an available connection from the pool (formerly list_nyc_taxi, now create_nyc_taxi_main_staging)
[0m16:33:57.466641 [debug] [ThreadPool]: Creating schema "database: "nyc_taxi"
schema: "main_intermediate"
"
[0m16:33:57.466641 [debug] [ThreadPool]: Creating schema "database: "nyc_taxi"
schema: "main_staging"
"
[0m16:33:57.466641 [debug] [ThreadPool]: Using duckdb connection "create_nyc_taxi_main_intermediate"
[0m16:33:57.466641 [debug] [ThreadPool]: Using duckdb connection "create_nyc_taxi_main_staging"
[0m16:33:57.466641 [debug] [ThreadPool]: On create_nyc_taxi_main_intermediate: /* {"app": "dbt", "dbt_version": "1.8.9", "profile_name": "nyc_taxi_lakehouse", "target_name": "dev", "connection_name": "create_nyc_taxi_main_intermediate"} */

    
        select type from duckdb_databases()
        where database_name='nyc_taxi'
        and type='sqlite'
    
  
[0m16:33:57.466641 [debug] [ThreadPool]: On create_nyc_taxi_main_staging: /* {"app": "dbt", "dbt_version": "1.8.9", "profile_name": "nyc_taxi_lakehouse", "target_name": "dev", "connection_name": "create_nyc_taxi_main_staging"} */

    
        select type from duckdb_databases()
        where database_name='nyc_taxi'
        and type='sqlite'
    
  
[0m16:33:57.466641 [debug] [ThreadPool]: Opening a new connection, currently in state closed
[0m16:33:57.482769 [debug] [ThreadPool]: Opening a new connection, currently in state closed
[0m16:33:57.484774 [debug] [ThreadPool]: SQL status: OK in 0.009 seconds
[0m16:33:57.484774 [debug] [ThreadPool]: Using duckdb connection "create_nyc_taxi_main_marts"
[0m16:33:57.484774 [debug] [ThreadPool]: On create_nyc_taxi_main_marts: BEGIN
[0m16:33:57.484774 [debug] [ThreadPool]: SQL status: OK in 0.005 seconds
[0m16:33:57.484774 [debug] [ThreadPool]: SQL status: OK in 0.005 seconds
[0m16:33:57.484774 [debug] [ThreadPool]: Using duckdb connection "create_nyc_taxi_main_staging"
[0m16:33:57.484774 [debug] [ThreadPool]: On create_nyc_taxi_main_staging: BEGIN
[0m16:33:57.484774 [debug] [ThreadPool]: Using duckdb connection "create_nyc_taxi_main_intermediate"
[0m16:33:57.484774 [debug] [ThreadPool]: On create_nyc_taxi_main_intermediate: BEGIN
[0m16:33:57.484774 [debug] [ThreadPool]: SQL status: OK in 0.004 seconds
[0m16:33:57.484774 [debug] [ThreadPool]: Using duckdb connection "create_nyc_taxi_main_marts"
[0m16:33:57.484774 [debug] [ThreadPool]: On create_nyc_taxi_main_marts: /* {"app": "dbt", "dbt_version": "1.8.9", "profile_name": "nyc_taxi_lakehouse", "target_name": "dev", "connection_name": "create_nyc_taxi_main_marts"} */

    
    
        create schema if not exists "nyc_taxi"."main_marts"
    
[0m16:33:57.484774 [debug] [ThreadPool]: SQL status: OK in 0.003 seconds
[0m16:33:57.484774 [debug] [ThreadPool]: Using duckdb connection "create_nyc_taxi_main_staging"
[0m16:33:57.484774 [debug] [ThreadPool]: On create_nyc_taxi_main_staging: /* {"app": "dbt", "dbt_version": "1.8.9", "profile_name": "nyc_taxi_lakehouse", "target_name": "dev", "connection_name": "create_nyc_taxi_main_staging"} */

    
    
        create schema if not exists "nyc_taxi"."main_staging"
    
[0m16:33:57.484774 [debug] [ThreadPool]: SQL status: OK in 0.001 seconds
[0m16:33:57.484774 [debug] [ThreadPool]: On create_nyc_taxi_main_marts: COMMIT
[0m16:33:57.484774 [debug] [ThreadPool]: Using duckdb connection "create_nyc_taxi_main_marts"
[0m16:33:57.484774 [debug] [ThreadPool]: On create_nyc_taxi_main_marts: COMMIT
[0m16:33:57.484774 [debug] [ThreadPool]: SQL status: OK in 0.005 seconds
[0m16:33:57.484774 [debug] [ThreadPool]: Using duckdb connection "create_nyc_taxi_main_intermediate"
[0m16:33:57.484774 [debug] [ThreadPool]: On create_nyc_taxi_main_intermediate: /* {"app": "dbt", "dbt_version": "1.8.9", "profile_name": "nyc_taxi_lakehouse", "target_name": "dev", "connection_name": "create_nyc_taxi_main_intermediate"} */

    
    
        create schema if not exists "nyc_taxi"."main_intermediate"
    
[0m16:33:57.484774 [debug] [ThreadPool]: SQL status: OK in 0.003 seconds
[0m16:33:57.484774 [debug] [ThreadPool]: On create_nyc_taxi_main_staging: COMMIT
[0m16:33:57.484774 [debug] [ThreadPool]: Using duckdb connection "create_nyc_taxi_main_staging"
[0m16:33:57.498587 [debug] [ThreadPool]: On create_nyc_taxi_main_staging: COMMIT
[0m16:33:57.498587 [debug] [ThreadPool]: SQL status: OK in 0.003 seconds
[0m16:33:57.498587 [debug] [ThreadPool]: On create_nyc_taxi_main_marts: Close
[0m16:33:57.498587 [debug] [ThreadPool]: SQL status: OK in 0.003 seconds
[0m16:33:57.498587 [debug] [ThreadPool]: On create_nyc_taxi_main_intermediate: COMMIT
[0m16:33:57.498587 [debug] [ThreadPool]: Using duckdb connection "create_nyc_taxi_main_intermediate"
[0m16:33:57.498587 [debug] [ThreadPool]: On create_nyc_taxi_main_intermediate: COMMIT
[0m16:33:57.498587 [debug] [ThreadPool]: SQL status: OK in 0.003 seconds
[0m16:33:57.498587 [debug] [ThreadPool]: On create_nyc_taxi_main_staging: Close
[0m16:33:57.498587 [debug] [ThreadPool]: SQL status: OK in 0.001 seconds
[0m16:33:57.498587 [debug] [ThreadPool]: On create_nyc_taxi_main_intermediate: Close
[0m16:33:57.498587 [debug] [ThreadPool]: Acquiring new duckdb connection 'list_nyc_taxi_main_marts'
[0m16:33:57.511794 [debug] [ThreadPool]: Using duckdb connection "list_nyc_taxi_main_marts"
[0m16:33:57.511794 [debug] [ThreadPool]: On list_nyc_taxi_main_marts: BEGIN
[0m16:33:57.511794 [debug] [ThreadPool]: Opening a new connection, currently in state init
[0m16:33:57.511794 [debug] [ThreadPool]: Acquiring new duckdb connection 'list_nyc_taxi_main_intermediate'
[0m16:33:57.513799 [debug] [ThreadPool]: Using duckdb connection "list_nyc_taxi_main_intermediate"
[0m16:33:57.513799 [debug] [ThreadPool]: On list_nyc_taxi_main_intermediate: BEGIN
[0m16:33:57.513799 [debug] [ThreadPool]: Opening a new connection, currently in state init
[0m16:33:57.513799 [debug] [ThreadPool]: Acquiring new duckdb connection 'list_nyc_taxi_main_staging'
[0m16:33:57.513799 [debug] [ThreadPool]: Using duckdb connection "list_nyc_taxi_main_staging"
[0m16:33:57.513799 [debug] [ThreadPool]: On list_nyc_taxi_main_staging: BEGIN
[0m16:33:57.513799 [debug] [ThreadPool]: Opening a new connection, currently in state init
[0m16:33:57.513799 [debug] [ThreadPool]: SQL status: OK in 0.001 seconds
[0m16:33:57.513799 [debug] [ThreadPool]: Using duckdb connection "list_nyc_taxi_main_staging"
[0m16:33:57.513799 [debug] [ThreadPool]: On list_nyc_taxi_main_staging: /* {"app": "dbt", "dbt_version": "1.8.9", "profile_name": "nyc_taxi_lakehouse", "target_name": "dev", "connection_name": "list_nyc_taxi_main_staging"} */
select
      'nyc_taxi' as database,
      table_name as name,
      table_schema as schema,
      CASE table_type
        WHEN 'BASE TABLE' THEN 'table'
        WHEN 'VIEW' THEN 'view'
        WHEN 'LOCAL TEMPORARY' THEN 'table'
        END as type
    from system.information_schema.tables
    where table_schema = 'main_staging'
    and table_catalog = 'nyc_taxi'
  
[0m16:33:57.513799 [debug] [ThreadPool]: SQL status: OK in 0.005 seconds
[0m16:33:57.513799 [debug] [ThreadPool]: SQL status: OK in 0.009 seconds
[0m16:33:57.513799 [debug] [ThreadPool]: Using duckdb connection "list_nyc_taxi_main_intermediate"
[0m16:33:57.513799 [debug] [ThreadPool]: Using duckdb connection "list_nyc_taxi_main_marts"
[0m16:33:57.513799 [debug] [ThreadPool]: On list_nyc_taxi_main_intermediate: /* {"app": "dbt", "dbt_version": "1.8.9", "profile_name": "nyc_taxi_lakehouse", "target_name": "dev", "connection_name": "list_nyc_taxi_main_intermediate"} */
select
      'nyc_taxi' as database,
      table_name as name,
      table_schema as schema,
      CASE table_type
        WHEN 'BASE TABLE' THEN 'table'
        WHEN 'VIEW' THEN 'view'
        WHEN 'LOCAL TEMPORARY' THEN 'table'
        END as type
    from system.information_schema.tables
    where table_schema = 'main_intermediate'
    and table_catalog = 'nyc_taxi'
  
[0m16:33:57.513799 [debug] [ThreadPool]: On list_nyc_taxi_main_marts: /* {"app": "dbt", "dbt_version": "1.8.9", "profile_name": "nyc_taxi_lakehouse", "target_name": "dev", "connection_name": "list_nyc_taxi_main_marts"} */
select
      'nyc_taxi' as database,
      table_name as name,
      table_schema as schema,
      CASE table_type
        WHEN 'BASE TABLE' THEN 'table'
        WHEN 'VIEW' THEN 'view'
        WHEN 'LOCAL TEMPORARY' THEN 'table'
        END as type
    from system.information_schema.tables
    where table_schema = 'main_marts'
    and table_catalog = 'nyc_taxi'
  
[0m16:33:57.545682 [debug] [ThreadPool]: SQL status: OK in 0.033 seconds
[0m16:33:57.545682 [debug] [ThreadPool]: On list_nyc_taxi_main_intermediate: ROLLBACK
[0m16:33:57.545682 [debug] [ThreadPool]: Failed to rollback 'list_nyc_taxi_main_intermediate'
[0m16:33:57.545682 [debug] [ThreadPool]: On list_nyc_taxi_main_intermediate: Close
[0m16:33:57.545682 [debug] [ThreadPool]: SQL status: OK in 0.038 seconds
[0m16:33:57.545682 [debug] [ThreadPool]: SQL status: OK in 0.037 seconds
[0m16:33:57.545682 [debug] [ThreadPool]: On list_nyc_taxi_main_staging: ROLLBACK
[0m16:33:57.561322 [debug] [ThreadPool]: Failed to rollback 'list_nyc_taxi_main_staging'
[0m16:33:57.561322 [debug] [ThreadPool]: On list_nyc_taxi_main_staging: Close
[0m16:33:57.561322 [debug] [ThreadPool]: On list_nyc_taxi_main_marts: ROLLBACK
[0m16:33:57.561322 [debug] [ThreadPool]: Failed to rollback 'list_nyc_taxi_main_marts'
[0m16:33:57.561322 [debug] [ThreadPool]: On list_nyc_taxi_main_marts: Close
[0m16:33:57.561322 [debug] [MainThread]: Sending event: {'category': 'dbt', 'action': 'runnable_timing', 'label': '3477ae0d-007c-4c9c-a225-3c3ec355ba50', 'context': [<snowplow_tracker.self_describing_json.SelfDescribingJson object at 0x0000023F441A7980>]}
[0m16:33:57.561322 [debug] [MainThread]: Using duckdb connection "master"
[0m16:33:57.561322 [debug] [MainThread]: On master: BEGIN
[0m16:33:57.561322 [debug] [MainThread]: Opening a new connection, currently in state init
[0m16:33:57.577144 [debug] [MainThread]: SQL status: OK in 0.008 seconds
[0m16:33:57.577144 [debug] [MainThread]: On master: COMMIT
[0m16:33:57.577144 [debug] [MainThread]: Using duckdb connection "master"
[0m16:33:57.577144 [debug] [MainThread]: On master: COMMIT
[0m16:33:57.577144 [debug] [MainThread]: SQL status: OK in 0.000 seconds
[0m16:33:57.577144 [debug] [MainThread]: On master: Close
[0m16:33:57.577144 [info ] [MainThread]: Concurrency: 4 threads (target='dev')
[0m16:33:57.577144 [info ] [MainThread]: 
[0m16:33:57.577144 [debug] [Thread-1 (]: Began running node model.nyc_taxi_lakehouse.stg_yellow_trips
[0m16:33:57.577144 [info ] [Thread-1 (]: 1 of 4 START sql view model main_staging.stg_yellow_trips ...................... [RUN]
[0m16:33:57.577144 [debug] [Thread-1 (]: Acquiring new duckdb connection 'model.nyc_taxi_lakehouse.stg_yellow_trips'
[0m16:33:57.577144 [debug] [Thread-1 (]: Began compiling node model.nyc_taxi_lakehouse.stg_yellow_trips
[0m16:33:57.577144 [debug] [Thread-1 (]: Writing injected SQL for node "model.nyc_taxi_lakehouse.stg_yellow_trips"
[0m16:33:57.594088 [debug] [Thread-1 (]: Began executing node model.nyc_taxi_lakehouse.stg_yellow_trips
[0m16:33:57.621634 [debug] [Thread-1 (]: Writing runtime sql for node "model.nyc_taxi_lakehouse.stg_yellow_trips"
[0m16:33:57.621634 [debug] [Thread-1 (]: Using duckdb connection "model.nyc_taxi_lakehouse.stg_yellow_trips"
[0m16:33:57.621634 [debug] [Thread-1 (]: On model.nyc_taxi_lakehouse.stg_yellow_trips: BEGIN
[0m16:33:57.621634 [debug] [Thread-1 (]: Opening a new connection, currently in state init
[0m16:33:57.621634 [debug] [Thread-1 (]: SQL status: OK in 0.008 seconds
[0m16:33:57.621634 [debug] [Thread-1 (]: Using duckdb connection "model.nyc_taxi_lakehouse.stg_yellow_trips"
[0m16:33:57.621634 [debug] [Thread-1 (]: On model.nyc_taxi_lakehouse.stg_yellow_trips: /* {"app": "dbt", "dbt_version": "1.8.9", "profile_name": "nyc_taxi_lakehouse", "target_name": "dev", "node_id": "model.nyc_taxi_lakehouse.stg_yellow_trips"} */

  
  create view "nyc_taxi"."main_staging"."stg_yellow_trips__dbt_tmp" as (
    -- models/staging/stg_yellow_trips.sql
-- ------------------------------------
-- Staging: renomeia colunas para snake_case legível,
-- padroniza tipos e remove ambiguidade de nomenclatura.
--
-- Decisão: staging não filtra, não agrega, não aplica regra de negócio.
-- É uma camada de contrato entre a fonte e os modelos downstream.

with source as (

    select * from read_parquet('../data/trusted/yellow_tripdata_2023_01.parquet')

),

renamed as (

    select
        -- identifiers
        VendorID                    as vendor_id,
        RatecodeID                  as rate_code_id,
        PULocationID                as pickup_location_id,
        DOLocationID                as dropoff_location_id,
        payment_type                as payment_type_id,

        -- timestamps
        tpep_pickup_datetime        as pickup_at,
        tpep_dropoff_datetime       as dropoff_at,
        pickup_date,
        pickup_hour,

        -- métricas da corrida
        passenger_count,
        trip_distance,
        trip_duration_minutes,

        -- valores financeiros
        fare_amount,
        extra,
        mta_tax,
        tip_amount,
        tolls_amount,
        improvement_surcharge,
        total_amount,
        congestion_surcharge,
        airport_fee,

        -- flags
        store_and_fwd_flag

    from source

)

select * from renamed
  );

[0m16:33:57.637286 [debug] [Thread-1 (]: DuckDB adapter: Error running SQL: /* {"app": "dbt", "dbt_version": "1.8.9", "profile_name": "nyc_taxi_lakehouse", "target_name": "dev", "node_id": "model.nyc_taxi_lakehouse.stg_yellow_trips"} */

  
  create view "nyc_taxi"."main_staging"."stg_yellow_trips__dbt_tmp" as (
    -- models/staging/stg_yellow_trips.sql
-- ------------------------------------
-- Staging: renomeia colunas para snake_case legível,
-- padroniza tipos e remove ambiguidade de nomenclatura.
--
-- Decisão: staging não filtra, não agrega, não aplica regra de negócio.
-- É uma camada de contrato entre a fonte e os modelos downstream.

with source as (

    select * from read_parquet('../data/trusted/yellow_tripdata_2023_01.parquet')

),

renamed as (

    select
        -- identifiers
        VendorID                    as vendor_id,
        RatecodeID                  as rate_code_id,
        PULocationID                as pickup_location_id,
        DOLocationID                as dropoff_location_id,
        payment_type                as payment_type_id,

        -- timestamps
        tpep_pickup_datetime        as pickup_at,
        tpep_dropoff_datetime       as dropoff_at,
        pickup_date,
        pickup_hour,

        -- métricas da corrida
        passenger_count,
        trip_distance,
        trip_duration_minutes,

        -- valores financeiros
        fare_amount,
        extra,
        mta_tax,
        tip_amount,
        tolls_amount,
        improvement_surcharge,
        total_amount,
        congestion_surcharge,
        airport_fee,

        -- flags
        store_and_fwd_flag

    from source

)

select * from renamed
  );

[0m16:33:57.637903 [debug] [Thread-1 (]: DuckDB adapter: Rolling back transaction.
[0m16:33:57.637903 [debug] [Thread-1 (]: On model.nyc_taxi_lakehouse.stg_yellow_trips: ROLLBACK
[0m16:33:57.642947 [debug] [Thread-1 (]: Failed to rollback 'model.nyc_taxi_lakehouse.stg_yellow_trips'
[0m16:33:57.643947 [debug] [Thread-1 (]: On model.nyc_taxi_lakehouse.stg_yellow_trips: Close
[0m16:33:57.647946 [debug] [Thread-1 (]: Runtime Error in model stg_yellow_trips (models\staging\stg_yellow_trips.sql)
  IO Error: No files found that match the pattern "../data/trusted/yellow_tripdata_2023_01.parquet"
[0m16:33:57.648946 [debug] [Thread-1 (]: Sending event: {'category': 'dbt', 'action': 'run_model', 'label': '3477ae0d-007c-4c9c-a225-3c3ec355ba50', 'context': [<snowplow_tracker.self_describing_json.SelfDescribingJson object at 0x0000023F55E7BDD0>]}
[0m16:33:57.649945 [error] [Thread-1 (]: 1 of 4 ERROR creating sql view model main_staging.stg_yellow_trips ............. [[31mERROR[0m in 0.07s]
[0m16:33:57.649945 [debug] [Thread-1 (]: Finished running node model.nyc_taxi_lakehouse.stg_yellow_trips
[0m16:33:57.651909 [debug] [Thread-3 (]: Began running node model.nyc_taxi_lakehouse.int_trips_enriched
[0m16:33:57.651909 [info ] [Thread-3 (]: 2 of 4 SKIP relation main_intermediate.int_trips_enriched ...................... [[33mSKIP[0m]
[0m16:33:57.652910 [debug] [Thread-3 (]: Finished running node model.nyc_taxi_lakehouse.int_trips_enriched
[0m16:33:57.652910 [debug] [Thread-2 (]: Began running node model.nyc_taxi_lakehouse.fct_trips
[0m16:33:57.653910 [info ] [Thread-2 (]: 3 of 4 SKIP relation main_marts.fct_trips ...................................... [[33mSKIP[0m]
[0m16:33:57.653910 [debug] [Thread-2 (]: Finished running node model.nyc_taxi_lakehouse.fct_trips
[0m16:33:57.655120 [debug] [Thread-4 (]: Began running node model.nyc_taxi_lakehouse.mart_daily_summary
[0m16:33:57.655120 [info ] [Thread-4 (]: 4 of 4 SKIP relation main_marts.mart_daily_summary ............................. [[33mSKIP[0m]
[0m16:33:57.656071 [debug] [Thread-4 (]: Finished running node model.nyc_taxi_lakehouse.mart_daily_summary
[0m16:33:57.656770 [debug] [MainThread]: Using duckdb connection "master"
[0m16:33:57.657869 [debug] [MainThread]: On master: BEGIN
[0m16:33:57.657869 [debug] [MainThread]: Opening a new connection, currently in state closed
[0m16:33:57.664834 [debug] [MainThread]: SQL status: OK in 0.007 seconds
[0m16:33:57.665867 [debug] [MainThread]: On master: COMMIT
[0m16:33:57.665867 [debug] [MainThread]: Using duckdb connection "master"
[0m16:33:57.665867 [debug] [MainThread]: On master: COMMIT
[0m16:33:57.666867 [debug] [MainThread]: SQL status: OK in 0.000 seconds
[0m16:33:57.666867 [debug] [MainThread]: On master: Close
[0m16:33:57.668835 [debug] [MainThread]: Connection 'master' was properly closed.
[0m16:33:57.668835 [debug] [MainThread]: Connection 'create_nyc_taxi_main_intermediate' was properly closed.
[0m16:33:57.668835 [debug] [MainThread]: Connection 'create_nyc_taxi_main_marts' was properly closed.
[0m16:33:57.669836 [debug] [MainThread]: Connection 'create_nyc_taxi_main_staging' was properly closed.
[0m16:33:57.669836 [debug] [MainThread]: Connection 'list_nyc_taxi_main_marts' was properly closed.
[0m16:33:57.670561 [debug] [MainThread]: Connection 'list_nyc_taxi_main_intermediate' was properly closed.
[0m16:33:57.670561 [debug] [MainThread]: Connection 'list_nyc_taxi_main_staging' was properly closed.
[0m16:33:57.670561 [debug] [MainThread]: Connection 'model.nyc_taxi_lakehouse.stg_yellow_trips' was properly closed.
[0m16:33:57.671661 [info ] [MainThread]: 
[0m16:33:57.672328 [info ] [MainThread]: Finished running 2 view models, 2 table models in 0 hours 0 minutes and 2.76 seconds (2.76s).
[0m16:33:57.673359 [debug] [MainThread]: Command end result
[0m16:33:57.703976 [info ] [MainThread]: 
[0m16:33:57.703976 [info ] [MainThread]: [31mCompleted with 1 error and 0 warnings:[0m
[0m16:33:57.704984 [info ] [MainThread]: 
[0m16:33:57.705983 [error] [MainThread]:   Runtime Error in model stg_yellow_trips (models\staging\stg_yellow_trips.sql)
  IO Error: No files found that match the pattern "../data/trusted/yellow_tripdata_2023_01.parquet"
[0m16:33:57.705983 [info ] [MainThread]: 
[0m16:33:57.706984 [info ] [MainThread]: Done. PASS=0 WARN=0 ERROR=1 SKIP=3 TOTAL=4
[0m16:33:57.708016 [debug] [MainThread]: Command `dbt run` failed at 16:33:57.706984 after 5.18 seconds
[0m16:33:57.708016 [debug] [MainThread]: Sending event: {'category': 'dbt', 'action': 'invocation', 'label': 'end', 'context': [<snowplow_tracker.self_describing_json.SelfDescribingJson object at 0x0000023F41CF3080>, <snowplow_tracker.self_describing_json.SelfDescribingJson object at 0x0000023F41CF2210>, <snowplow_tracker.self_describing_json.SelfDescribingJson object at 0x0000023F4286BEC0>]}
[0m16:33:57.708016 [debug] [MainThread]: Flushing usage events
[0m16:35:33.933059 [debug] [MainThread]: Sending event: {'category': 'dbt', 'action': 'invocation', 'label': 'start', 'context': [<snowplow_tracker.self_describing_json.SelfDescribingJson object at 0x000001A75A0A0BF0>, <snowplow_tracker.self_describing_json.SelfDescribingJson object at 0x000001A75A76BB90>, <snowplow_tracker.self_describing_json.SelfDescribingJson object at 0x000001A75A769F40>]}


============================== 16:35:33.933059 | 40231e75-329d-404c-b346-a2a3ff1f0688 ==============================
[0m16:35:33.933059 [info ] [MainThread]: Running with dbt=1.8.9
[0m16:35:33.948868 [debug] [MainThread]: running dbt with arguments {'printer_width': '80', 'indirect_selection': 'eager', 'write_json': 'True', 'log_cache_events': 'False', 'partial_parse': 'True', 'cache_selected_only': 'False', 'profiles_dir': 'C:\\Users\\joaob\\Downloads\\nyc_taxi_lakehouse\\dbt_project', 'debug': 'False', 'version_check': 'True', 'log_path': 'C:\\Users\\joaob\\Downloads\\nyc_taxi_lakehouse\\dbt_project\\logs', 'fail_fast': 'False', 'warn_error': 'None', 'use_colors': 'True', 'use_experimental_parser': 'False', 'empty': 'False', 'quiet': 'False', 'no_print': 'None', 'log_format': 'default', 'static_parser': 'True', 'introspect': 'True', 'invocation_command': 'dbt run', 'target_path': 'None', 'warn_error_options': 'WarnErrorOptions(include=[], exclude=[])', 'send_anonymous_usage_stats': 'True'}
[0m16:35:34.136372 [debug] [MainThread]: Sending event: {'category': 'dbt', 'action': 'project_id', 'label': '40231e75-329d-404c-b346-a2a3ff1f0688', 'context': [<snowplow_tracker.self_describing_json.SelfDescribingJson object at 0x000001A75B963CE0>]}
[0m16:35:34.200565 [debug] [MainThread]: Sending event: {'category': 'dbt', 'action': 'adapter_info', 'label': '40231e75-329d-404c-b346-a2a3ff1f0688', 'context': [<snowplow_tracker.self_describing_json.SelfDescribingJson object at 0x000001A75A553A70>]}
[0m16:35:34.200565 [info ] [MainThread]: Registered adapter: duckdb=1.8.4
[0m16:35:34.555209 [debug] [MainThread]: checksum: 132857a23e9d07220246854f7763165174ce9b737cfc7867629ace4294e520b1, vars: {}, profile: , target: , version: 1.8.9
[0m16:35:34.698080 [debug] [MainThread]: Partial parsing enabled: 0 files deleted, 0 files added, 1 files changed.
[0m16:35:34.698080 [debug] [MainThread]: Partial parsing: updated file: nyc_taxi_lakehouse://models\staging\sources.yml
[0m16:35:34.943330 [warn ] [MainThread]: [[33mWARNING[0m]: Deprecated functionality
The `tests` config has been renamed to `data_tests`. Please see
https://docs.getdbt.com/docs/build/data-tests#new-data_tests-syntax for more
information.
[0m16:35:34.944327 [debug] [MainThread]: Sending event: {'category': 'dbt', 'action': 'deprecation', 'label': '40231e75-329d-404c-b346-a2a3ff1f0688', 'property_': 'warn', 'context': [<snowplow_tracker.self_describing_json.SelfDescribingJson object at 0x000001A75BAF4D70>]}
[0m16:35:35.247952 [debug] [MainThread]: Sending event: {'category': 'dbt', 'action': 'load_project', 'label': '40231e75-329d-404c-b346-a2a3ff1f0688', 'context': [<snowplow_tracker.self_describing_json.SelfDescribingJson object at 0x000001A759775220>]}
[0m16:35:35.362472 [debug] [MainThread]: Sending event: {'category': 'dbt', 'action': 'resource_counts', 'label': '40231e75-329d-404c-b346-a2a3ff1f0688', 'context': [<snowplow_tracker.self_describing_json.SelfDescribingJson object at 0x000001A75C29FBC0>]}
[0m16:35:35.362472 [info ] [MainThread]: Found 4 models, 27 data tests, 1 source, 426 macros
[0m16:35:35.363447 [debug] [MainThread]: Sending event: {'category': 'dbt', 'action': 'runnable_timing', 'label': '40231e75-329d-404c-b346-a2a3ff1f0688', 'context': [<snowplow_tracker.self_describing_json.SelfDescribingJson object at 0x000001A75C05E5A0>]}
[0m16:35:35.365465 [info ] [MainThread]: 
[0m16:35:35.366210 [debug] [MainThread]: Acquiring new duckdb connection 'master'
[0m16:35:35.370222 [debug] [ThreadPool]: Acquiring new duckdb connection 'list_nyc_taxi'
[0m16:35:35.378079 [debug] [ThreadPool]: Acquiring new duckdb connection 'list_nyc_taxi'
[0m16:35:35.383685 [debug] [ThreadPool]: Acquiring new duckdb connection 'list_nyc_taxi'
[0m16:35:35.482150 [debug] [ThreadPool]: Using duckdb connection "list_nyc_taxi"
[0m16:35:35.483152 [debug] [ThreadPool]: On list_nyc_taxi: /* {"app": "dbt", "dbt_version": "1.8.9", "profile_name": "nyc_taxi_lakehouse", "target_name": "dev", "connection_name": "list_nyc_taxi"} */

    
    select schema_name
    from system.information_schema.schemata
    
    where catalog_name = '"nyc_taxi"'
    
  
  
[0m16:35:35.483152 [debug] [ThreadPool]: Opening a new connection, currently in state init
[0m16:35:35.483917 [debug] [ThreadPool]: Using duckdb connection "list_nyc_taxi"
[0m16:35:35.483917 [debug] [ThreadPool]: On list_nyc_taxi: /* {"app": "dbt", "dbt_version": "1.8.9", "profile_name": "nyc_taxi_lakehouse", "target_name": "dev", "connection_name": "list_nyc_taxi"} */

    
    select schema_name
    from system.information_schema.schemata
    
    where catalog_name = '"nyc_taxi"'
    
  
  
[0m16:35:35.484961 [debug] [ThreadPool]: Opening a new connection, currently in state init
[0m16:35:35.484961 [debug] [ThreadPool]: Using duckdb connection "list_nyc_taxi"
[0m16:35:35.484961 [debug] [ThreadPool]: On list_nyc_taxi: /* {"app": "dbt", "dbt_version": "1.8.9", "profile_name": "nyc_taxi_lakehouse", "target_name": "dev", "connection_name": "list_nyc_taxi"} */

    
    select schema_name
    from system.information_schema.schemata
    
    where catalog_name = '"nyc_taxi"'
    
  
  
[0m16:35:35.485961 [debug] [ThreadPool]: Opening a new connection, currently in state init
[0m16:35:35.988662 [debug] [ThreadPool]: SQL status: OK in 0.510 seconds
[0m16:35:35.988662 [debug] [ThreadPool]: On list_nyc_taxi: Close
[0m16:35:35.988662 [debug] [ThreadPool]: SQL status: OK in 0.511 seconds
[0m16:35:35.988662 [debug] [ThreadPool]: SQL status: OK in 0.514 seconds
[0m16:35:35.988662 [debug] [ThreadPool]: On list_nyc_taxi: Close
[0m16:35:35.988662 [debug] [ThreadPool]: On list_nyc_taxi: Close
[0m16:35:35.988662 [debug] [ThreadPool]: Re-using an available connection from the pool (formerly list_nyc_taxi, now create_nyc_taxi_main_intermediate)
[0m16:35:36.002239 [debug] [ThreadPool]: Creating schema "database: "nyc_taxi"
schema: "main_intermediate"
"
[0m16:35:36.008256 [debug] [ThreadPool]: Using duckdb connection "create_nyc_taxi_main_intermediate"
[0m16:35:36.008256 [debug] [ThreadPool]: On create_nyc_taxi_main_intermediate: /* {"app": "dbt", "dbt_version": "1.8.9", "profile_name": "nyc_taxi_lakehouse", "target_name": "dev", "connection_name": "create_nyc_taxi_main_intermediate"} */

    
        select type from duckdb_databases()
        where database_name='nyc_taxi'
        and type='sqlite'
    
  
[0m16:35:36.008256 [debug] [ThreadPool]: Re-using an available connection from the pool (formerly list_nyc_taxi, now create_nyc_taxi_main_staging)
[0m16:35:36.008256 [debug] [ThreadPool]: Re-using an available connection from the pool (formerly list_nyc_taxi, now create_nyc_taxi_main_marts)
[0m16:35:36.008256 [debug] [ThreadPool]: Opening a new connection, currently in state closed
[0m16:35:36.008256 [debug] [ThreadPool]: Creating schema "database: "nyc_taxi"
schema: "main_staging"
"
[0m16:35:36.008256 [debug] [ThreadPool]: Creating schema "database: "nyc_taxi"
schema: "main_marts"
"
[0m16:35:36.008256 [debug] [ThreadPool]: Using duckdb connection "create_nyc_taxi_main_staging"
[0m16:35:36.008256 [debug] [ThreadPool]: Using duckdb connection "create_nyc_taxi_main_marts"
[0m16:35:36.008256 [debug] [ThreadPool]: On create_nyc_taxi_main_staging: /* {"app": "dbt", "dbt_version": "1.8.9", "profile_name": "nyc_taxi_lakehouse", "target_name": "dev", "connection_name": "create_nyc_taxi_main_staging"} */

    
        select type from duckdb_databases()
        where database_name='nyc_taxi'
        and type='sqlite'
    
  
[0m16:35:36.008256 [debug] [ThreadPool]: On create_nyc_taxi_main_marts: /* {"app": "dbt", "dbt_version": "1.8.9", "profile_name": "nyc_taxi_lakehouse", "target_name": "dev", "connection_name": "create_nyc_taxi_main_marts"} */

    
        select type from duckdb_databases()
        where database_name='nyc_taxi'
        and type='sqlite'
    
  
[0m16:35:36.008256 [debug] [ThreadPool]: Opening a new connection, currently in state closed
[0m16:35:36.008256 [debug] [ThreadPool]: Opening a new connection, currently in state closed
[0m16:35:36.008256 [debug] [ThreadPool]: SQL status: OK in 0.009 seconds
[0m16:35:36.020104 [debug] [ThreadPool]: Using duckdb connection "create_nyc_taxi_main_intermediate"
[0m16:35:36.020104 [debug] [ThreadPool]: On create_nyc_taxi_main_intermediate: BEGIN
[0m16:35:36.020104 [debug] [ThreadPool]: SQL status: OK in 0.006 seconds
[0m16:35:36.020104 [debug] [ThreadPool]: Using duckdb connection "create_nyc_taxi_main_staging"
[0m16:35:36.020104 [debug] [ThreadPool]: On create_nyc_taxi_main_staging: BEGIN
[0m16:35:36.020104 [debug] [ThreadPool]: SQL status: OK in 0.002 seconds
[0m16:35:36.020104 [debug] [ThreadPool]: Using duckdb connection "create_nyc_taxi_main_intermediate"
[0m16:35:36.020104 [debug] [ThreadPool]: On create_nyc_taxi_main_intermediate: /* {"app": "dbt", "dbt_version": "1.8.9", "profile_name": "nyc_taxi_lakehouse", "target_name": "dev", "connection_name": "create_nyc_taxi_main_intermediate"} */

    
    
        create schema if not exists "nyc_taxi"."main_intermediate"
    
[0m16:35:36.020104 [debug] [ThreadPool]: SQL status: OK in 0.009 seconds
[0m16:35:36.020104 [debug] [ThreadPool]: Using duckdb connection "create_nyc_taxi_main_marts"
[0m16:35:36.020104 [debug] [ThreadPool]: On create_nyc_taxi_main_marts: BEGIN
[0m16:35:36.020104 [debug] [ThreadPool]: SQL status: OK in 0.003 seconds
[0m16:35:36.020104 [debug] [ThreadPool]: Using duckdb connection "create_nyc_taxi_main_staging"
[0m16:35:36.020104 [debug] [ThreadPool]: On create_nyc_taxi_main_staging: /* {"app": "dbt", "dbt_version": "1.8.9", "profile_name": "nyc_taxi_lakehouse", "target_name": "dev", "connection_name": "create_nyc_taxi_main_staging"} */

    
    
        create schema if not exists "nyc_taxi"."main_staging"
    
[0m16:35:36.020104 [debug] [ThreadPool]: SQL status: OK in 0.003 seconds
[0m16:35:36.020104 [debug] [ThreadPool]: On create_nyc_taxi_main_intermediate: COMMIT
[0m16:35:36.020104 [debug] [ThreadPool]: Using duckdb connection "create_nyc_taxi_main_intermediate"
[0m16:35:36.020104 [debug] [ThreadPool]: On create_nyc_taxi_main_intermediate: COMMIT
[0m16:35:36.020104 [debug] [ThreadPool]: SQL status: OK in 0.003 seconds
[0m16:35:36.020104 [debug] [ThreadPool]: Using duckdb connection "create_nyc_taxi_main_marts"
[0m16:35:36.020104 [debug] [ThreadPool]: On create_nyc_taxi_main_marts: /* {"app": "dbt", "dbt_version": "1.8.9", "profile_name": "nyc_taxi_lakehouse", "target_name": "dev", "connection_name": "create_nyc_taxi_main_marts"} */

    
    
        create schema if not exists "nyc_taxi"."main_marts"
    
[0m16:35:36.020104 [debug] [ThreadPool]: SQL status: OK in 0.003 seconds
[0m16:35:36.020104 [debug] [ThreadPool]: On create_nyc_taxi_main_staging: COMMIT
[0m16:35:36.020104 [debug] [ThreadPool]: Using duckdb connection "create_nyc_taxi_main_staging"
[0m16:35:36.020104 [debug] [ThreadPool]: On create_nyc_taxi_main_staging: COMMIT
[0m16:35:36.020104 [debug] [ThreadPool]: SQL status: OK in 0.003 seconds
[0m16:35:36.020104 [debug] [ThreadPool]: On create_nyc_taxi_main_intermediate: Close
[0m16:35:36.020104 [debug] [ThreadPool]: SQL status: OK in 0.003 seconds
[0m16:35:36.020104 [debug] [ThreadPool]: On create_nyc_taxi_main_marts: COMMIT
[0m16:35:36.020104 [debug] [ThreadPool]: Using duckdb connection "create_nyc_taxi_main_marts"
[0m16:35:36.020104 [debug] [ThreadPool]: On create_nyc_taxi_main_marts: COMMIT
[0m16:35:36.020104 [debug] [ThreadPool]: SQL status: OK in 0.003 seconds
[0m16:35:36.020104 [debug] [ThreadPool]: On create_nyc_taxi_main_staging: Close
[0m16:35:36.035821 [debug] [ThreadPool]: SQL status: OK in 0.001 seconds
[0m16:35:36.035821 [debug] [ThreadPool]: On create_nyc_taxi_main_marts: Close
[0m16:35:36.035821 [debug] [ThreadPool]: Acquiring new duckdb connection 'list_nyc_taxi_main_intermediate'
[0m16:35:36.042637 [debug] [ThreadPool]: Using duckdb connection "list_nyc_taxi_main_intermediate"
[0m16:35:36.042637 [debug] [ThreadPool]: On list_nyc_taxi_main_intermediate: BEGIN
[0m16:35:36.044641 [debug] [ThreadPool]: Opening a new connection, currently in state init
[0m16:35:36.044641 [debug] [ThreadPool]: Acquiring new duckdb connection 'list_nyc_taxi_main_staging'
[0m16:35:36.046648 [debug] [ThreadPool]: Using duckdb connection "list_nyc_taxi_main_staging"
[0m16:35:36.046648 [debug] [ThreadPool]: On list_nyc_taxi_main_staging: BEGIN
[0m16:35:36.046648 [debug] [ThreadPool]: Opening a new connection, currently in state init
[0m16:35:36.046648 [debug] [ThreadPool]: Acquiring new duckdb connection 'list_nyc_taxi_main_marts'
[0m16:35:36.048653 [debug] [ThreadPool]: Using duckdb connection "list_nyc_taxi_main_marts"
[0m16:35:36.048653 [debug] [ThreadPool]: On list_nyc_taxi_main_marts: BEGIN
[0m16:35:36.050658 [debug] [ThreadPool]: Opening a new connection, currently in state init
[0m16:35:36.051663 [debug] [ThreadPool]: SQL status: OK in 0.002 seconds
[0m16:35:36.051663 [debug] [ThreadPool]: Using duckdb connection "list_nyc_taxi_main_marts"
[0m16:35:36.051663 [debug] [ThreadPool]: On list_nyc_taxi_main_marts: /* {"app": "dbt", "dbt_version": "1.8.9", "profile_name": "nyc_taxi_lakehouse", "target_name": "dev", "connection_name": "list_nyc_taxi_main_marts"} */
select
      'nyc_taxi' as database,
      table_name as name,
      table_schema as schema,
      CASE table_type
        WHEN 'BASE TABLE' THEN 'table'
        WHEN 'VIEW' THEN 'view'
        WHEN 'LOCAL TEMPORARY' THEN 'table'
        END as type
    from system.information_schema.tables
    where table_schema = 'main_marts'
    and table_catalog = 'nyc_taxi'
  
[0m16:35:36.051663 [debug] [ThreadPool]: SQL status: OK in 0.009 seconds
[0m16:35:36.051663 [debug] [ThreadPool]: Using duckdb connection "list_nyc_taxi_main_intermediate"
[0m16:35:36.051663 [debug] [ThreadPool]: On list_nyc_taxi_main_intermediate: /* {"app": "dbt", "dbt_version": "1.8.9", "profile_name": "nyc_taxi_lakehouse", "target_name": "dev", "connection_name": "list_nyc_taxi_main_intermediate"} */
select
      'nyc_taxi' as database,
      table_name as name,
      table_schema as schema,
      CASE table_type
        WHEN 'BASE TABLE' THEN 'table'
        WHEN 'VIEW' THEN 'view'
        WHEN 'LOCAL TEMPORARY' THEN 'table'
        END as type
    from system.information_schema.tables
    where table_schema = 'main_intermediate'
    and table_catalog = 'nyc_taxi'
  
[0m16:35:36.051663 [debug] [ThreadPool]: SQL status: OK in 0.007 seconds
[0m16:35:36.051663 [debug] [ThreadPool]: Using duckdb connection "list_nyc_taxi_main_staging"
[0m16:35:36.051663 [debug] [ThreadPool]: On list_nyc_taxi_main_staging: /* {"app": "dbt", "dbt_version": "1.8.9", "profile_name": "nyc_taxi_lakehouse", "target_name": "dev", "connection_name": "list_nyc_taxi_main_staging"} */
select
      'nyc_taxi' as database,
      table_name as name,
      table_schema as schema,
      CASE table_type
        WHEN 'BASE TABLE' THEN 'table'
        WHEN 'VIEW' THEN 'view'
        WHEN 'LOCAL TEMPORARY' THEN 'table'
        END as type
    from system.information_schema.tables
    where table_schema = 'main_staging'
    and table_catalog = 'nyc_taxi'
  
[0m16:35:36.083459 [debug] [ThreadPool]: SQL status: OK in 0.034 seconds
[0m16:35:36.083459 [debug] [ThreadPool]: On list_nyc_taxi_main_marts: ROLLBACK
[0m16:35:36.083459 [debug] [ThreadPool]: Failed to rollback 'list_nyc_taxi_main_marts'
[0m16:35:36.083459 [debug] [ThreadPool]: On list_nyc_taxi_main_marts: Close
[0m16:35:36.083459 [debug] [ThreadPool]: SQL status: OK in 0.036 seconds
[0m16:35:36.091326 [debug] [ThreadPool]: SQL status: OK in 0.036 seconds
[0m16:35:36.092370 [debug] [ThreadPool]: On list_nyc_taxi_main_intermediate: ROLLBACK
[0m16:35:36.093370 [debug] [ThreadPool]: On list_nyc_taxi_main_staging: ROLLBACK
[0m16:35:36.094332 [debug] [ThreadPool]: Failed to rollback 'list_nyc_taxi_main_intermediate'
[0m16:35:36.094332 [debug] [ThreadPool]: On list_nyc_taxi_main_intermediate: Close
[0m16:35:36.095333 [debug] [ThreadPool]: Failed to rollback 'list_nyc_taxi_main_staging'
[0m16:35:36.095333 [debug] [ThreadPool]: On list_nyc_taxi_main_staging: Close
[0m16:35:36.099372 [debug] [MainThread]: Sending event: {'category': 'dbt', 'action': 'runnable_timing', 'label': '40231e75-329d-404c-b346-a2a3ff1f0688', 'context': [<snowplow_tracker.self_describing_json.SelfDescribingJson object at 0x000001A75C05C290>]}
[0m16:35:36.099372 [debug] [MainThread]: Using duckdb connection "master"
[0m16:35:36.100337 [debug] [MainThread]: On master: BEGIN
[0m16:35:36.100337 [debug] [MainThread]: Opening a new connection, currently in state init
[0m16:35:36.107984 [debug] [MainThread]: SQL status: OK in 0.008 seconds
[0m16:35:36.107984 [debug] [MainThread]: On master: COMMIT
[0m16:35:36.107984 [debug] [MainThread]: Using duckdb connection "master"
[0m16:35:36.107984 [debug] [MainThread]: On master: COMMIT
[0m16:35:36.107984 [debug] [MainThread]: SQL status: OK in 0.000 seconds
[0m16:35:36.107984 [debug] [MainThread]: On master: Close
[0m16:35:36.107984 [info ] [MainThread]: Concurrency: 4 threads (target='dev')
[0m16:35:36.107984 [info ] [MainThread]: 
[0m16:35:36.107984 [debug] [Thread-1 (]: Began running node model.nyc_taxi_lakehouse.stg_yellow_trips
[0m16:35:36.107984 [info ] [Thread-1 (]: 1 of 4 START sql view model main_staging.stg_yellow_trips ...................... [RUN]
[0m16:35:36.107984 [debug] [Thread-1 (]: Acquiring new duckdb connection 'model.nyc_taxi_lakehouse.stg_yellow_trips'
[0m16:35:36.107984 [debug] [Thread-1 (]: Began compiling node model.nyc_taxi_lakehouse.stg_yellow_trips
[0m16:35:36.124682 [debug] [Thread-1 (]: Writing injected SQL for node "model.nyc_taxi_lakehouse.stg_yellow_trips"
[0m16:35:36.125143 [debug] [Thread-1 (]: Began executing node model.nyc_taxi_lakehouse.stg_yellow_trips
[0m16:35:36.142308 [debug] [Thread-1 (]: Writing runtime sql for node "model.nyc_taxi_lakehouse.stg_yellow_trips"
[0m16:35:36.157905 [debug] [Thread-1 (]: Using duckdb connection "model.nyc_taxi_lakehouse.stg_yellow_trips"
[0m16:35:36.157905 [debug] [Thread-1 (]: On model.nyc_taxi_lakehouse.stg_yellow_trips: BEGIN
[0m16:35:36.159104 [debug] [Thread-1 (]: Opening a new connection, currently in state init
[0m16:35:36.167103 [debug] [Thread-1 (]: SQL status: OK in 0.008 seconds
[0m16:35:36.167103 [debug] [Thread-1 (]: Using duckdb connection "model.nyc_taxi_lakehouse.stg_yellow_trips"
[0m16:35:36.167103 [debug] [Thread-1 (]: On model.nyc_taxi_lakehouse.stg_yellow_trips: /* {"app": "dbt", "dbt_version": "1.8.9", "profile_name": "nyc_taxi_lakehouse", "target_name": "dev", "node_id": "model.nyc_taxi_lakehouse.stg_yellow_trips"} */

  
  create view "nyc_taxi"."main_staging"."stg_yellow_trips__dbt_tmp" as (
    -- models/staging/stg_yellow_trips.sql
-- ------------------------------------
-- Staging: renomeia colunas para snake_case legível,
-- padroniza tipos e remove ambiguidade de nomenclatura.
--
-- Decisão: staging não filtra, não agrega, não aplica regra de negócio.
-- É uma camada de contrato entre a fonte e os modelos downstream.

with source as (

    select * from read_parquet('C:/Users/joaob/Downloads/nyc_taxi_lakehouse/data/trusted/yellow_tripdata_2023-01.parquet')

),

renamed as (

    select
        -- identifiers
        VendorID                    as vendor_id,
        RatecodeID                  as rate_code_id,
        PULocationID                as pickup_location_id,
        DOLocationID                as dropoff_location_id,
        payment_type                as payment_type_id,

        -- timestamps
        tpep_pickup_datetime        as pickup_at,
        tpep_dropoff_datetime       as dropoff_at,
        pickup_date,
        pickup_hour,

        -- métricas da corrida
        passenger_count,
        trip_distance,
        trip_duration_minutes,

        -- valores financeiros
        fare_amount,
        extra,
        mta_tax,
        tip_amount,
        tolls_amount,
        improvement_surcharge,
        total_amount,
        congestion_surcharge,
        airport_fee,

        -- flags
        store_and_fwd_flag

    from source

)

select * from renamed
  );

[0m16:35:36.169139 [debug] [Thread-1 (]: SQL status: OK in 0.001 seconds
[0m16:35:36.176897 [debug] [Thread-1 (]: Using duckdb connection "model.nyc_taxi_lakehouse.stg_yellow_trips"
[0m16:35:36.176897 [debug] [Thread-1 (]: On model.nyc_taxi_lakehouse.stg_yellow_trips: /* {"app": "dbt", "dbt_version": "1.8.9", "profile_name": "nyc_taxi_lakehouse", "target_name": "dev", "node_id": "model.nyc_taxi_lakehouse.stg_yellow_trips"} */
alter view "nyc_taxi"."main_staging"."stg_yellow_trips__dbt_tmp" rename to "stg_yellow_trips"
[0m16:35:36.177867 [debug] [Thread-1 (]: SQL status: OK in 0.000 seconds
[0m16:35:36.190896 [debug] [Thread-1 (]: On model.nyc_taxi_lakehouse.stg_yellow_trips: COMMIT
[0m16:35:36.190896 [debug] [Thread-1 (]: Using duckdb connection "model.nyc_taxi_lakehouse.stg_yellow_trips"
[0m16:35:36.191862 [debug] [Thread-1 (]: On model.nyc_taxi_lakehouse.stg_yellow_trips: COMMIT
[0m16:35:36.191862 [debug] [Thread-1 (]: SQL status: OK in 0.002 seconds
[0m16:35:36.191862 [debug] [Thread-1 (]: Using duckdb connection "model.nyc_taxi_lakehouse.stg_yellow_trips"
[0m16:35:36.191862 [debug] [Thread-1 (]: On model.nyc_taxi_lakehouse.stg_yellow_trips: /* {"app": "dbt", "dbt_version": "1.8.9", "profile_name": "nyc_taxi_lakehouse", "target_name": "dev", "node_id": "model.nyc_taxi_lakehouse.stg_yellow_trips"} */
drop view if exists "nyc_taxi"."main_staging"."stg_yellow_trips__dbt_backup" cascade
[0m16:35:36.191862 [debug] [Thread-1 (]: SQL status: OK in 0.000 seconds
[0m16:35:36.191862 [debug] [Thread-1 (]: On model.nyc_taxi_lakehouse.stg_yellow_trips: Close
[0m16:35:36.191862 [debug] [Thread-1 (]: Sending event: {'category': 'dbt', 'action': 'run_model', 'label': '40231e75-329d-404c-b346-a2a3ff1f0688', 'context': [<snowplow_tracker.self_describing_json.SelfDescribingJson object at 0x000001A76C7F1D00>]}
[0m16:35:36.191862 [info ] [Thread-1 (]: 1 of 4 OK created sql view model main_staging.stg_yellow_trips ................. [[32mOK[0m in 0.08s]
[0m16:35:36.207932 [debug] [Thread-1 (]: Finished running node model.nyc_taxi_lakehouse.stg_yellow_trips
[0m16:35:36.207932 [debug] [Thread-3 (]: Began running node model.nyc_taxi_lakehouse.int_trips_enriched
[0m16:35:36.207932 [info ] [Thread-3 (]: 2 of 4 START sql view model main_intermediate.int_trips_enriched ............... [RUN]
[0m16:35:36.207932 [debug] [Thread-3 (]: Acquiring new duckdb connection 'model.nyc_taxi_lakehouse.int_trips_enriched'
[0m16:35:36.207932 [debug] [Thread-3 (]: Began compiling node model.nyc_taxi_lakehouse.int_trips_enriched
[0m16:35:36.207932 [debug] [Thread-3 (]: Writing injected SQL for node "model.nyc_taxi_lakehouse.int_trips_enriched"
[0m16:35:36.207932 [debug] [Thread-3 (]: Began executing node model.nyc_taxi_lakehouse.int_trips_enriched
[0m16:35:36.207932 [debug] [Thread-3 (]: Writing runtime sql for node "model.nyc_taxi_lakehouse.int_trips_enriched"
[0m16:35:36.207932 [debug] [Thread-3 (]: Using duckdb connection "model.nyc_taxi_lakehouse.int_trips_enriched"
[0m16:35:36.207932 [debug] [Thread-3 (]: On model.nyc_taxi_lakehouse.int_trips_enriched: BEGIN
[0m16:35:36.207932 [debug] [Thread-3 (]: Opening a new connection, currently in state init
[0m16:35:36.228583 [debug] [Thread-3 (]: SQL status: OK in 0.008 seconds
[0m16:35:36.228583 [debug] [Thread-3 (]: Using duckdb connection "model.nyc_taxi_lakehouse.int_trips_enriched"
[0m16:35:36.229628 [debug] [Thread-3 (]: On model.nyc_taxi_lakehouse.int_trips_enriched: /* {"app": "dbt", "dbt_version": "1.8.9", "profile_name": "nyc_taxi_lakehouse", "target_name": "dev", "node_id": "model.nyc_taxi_lakehouse.int_trips_enriched"} */

  
  create view "nyc_taxi"."main_intermediate"."int_trips_enriched__dbt_tmp" as (
    -- models/intermediate/int_trips_enriched.sql
-- -------------------------------------------
-- Intermediate: aplica dimensões de negócio e enriquece o staging.
-- Aqui entram as primeiras interpretações: categorização de horário,
-- tipo de pagamento legível, faixas de distância.
--
-- Decisão: manter intermediate como view evita duplicação de dado
-- e permite que os marts leiam sempre o estado mais recente.

with trips as (

    select * from "nyc_taxi"."main_staging"."stg_yellow_trips"

),

enriched as (

    select
        *,

        -- Categorização de período do dia (regra de negócio explícita)
        case
            when pickup_hour between 6  and 11 then 'morning'
            when pickup_hour between 12 and 17 then 'afternoon'
            when pickup_hour between 18 and 22 then 'evening'
            else 'late_night'
        end as time_of_day,

        -- Tipo de pagamento legível
        case payment_type_id
            when 1 then 'credit_card'
            when 2 then 'cash'
            when 3 then 'no_charge'
            when 4 then 'dispute'
            when 5 then 'unknown'
            when 6 then 'voided_trip'
            else 'other'
        end as payment_type,

        -- Faixa de distância
        case
            when trip_distance < 1    then 'short'
            when trip_distance < 5    then 'medium'
            when trip_distance < 15   then 'long'
            else 'very_long'
        end as distance_bucket,

        -- Flag de gorjeta (relevante para análise de comportamento)
        case when tip_amount > 0 then true else false end as has_tip,

        -- Percentual de gorjeta sobre o valor da corrida
        case
            when fare_amount > 0
            then round(tip_amount / fare_amount * 100, 2)
            else 0
        end as tip_percentage

    from trips

)

select * from enriched
  );

[0m16:35:36.231628 [debug] [Thread-3 (]: SQL status: OK in 0.002 seconds
[0m16:35:36.234407 [debug] [Thread-3 (]: Using duckdb connection "model.nyc_taxi_lakehouse.int_trips_enriched"
[0m16:35:36.234407 [debug] [Thread-3 (]: On model.nyc_taxi_lakehouse.int_trips_enriched: /* {"app": "dbt", "dbt_version": "1.8.9", "profile_name": "nyc_taxi_lakehouse", "target_name": "dev", "node_id": "model.nyc_taxi_lakehouse.int_trips_enriched"} */
alter view "nyc_taxi"."main_intermediate"."int_trips_enriched__dbt_tmp" rename to "int_trips_enriched"
[0m16:35:36.234407 [debug] [Thread-3 (]: SQL status: OK in 0.000 seconds
[0m16:35:36.234407 [debug] [Thread-3 (]: On model.nyc_taxi_lakehouse.int_trips_enriched: COMMIT
[0m16:35:36.234407 [debug] [Thread-3 (]: Using duckdb connection "model.nyc_taxi_lakehouse.int_trips_enriched"
[0m16:35:36.234407 [debug] [Thread-3 (]: On model.nyc_taxi_lakehouse.int_trips_enriched: COMMIT
[0m16:35:36.234407 [debug] [Thread-3 (]: SQL status: OK in 0.001 seconds
[0m16:35:36.243315 [debug] [Thread-3 (]: Using duckdb connection "model.nyc_taxi_lakehouse.int_trips_enriched"
[0m16:35:36.243315 [debug] [Thread-3 (]: On model.nyc_taxi_lakehouse.int_trips_enriched: /* {"app": "dbt", "dbt_version": "1.8.9", "profile_name": "nyc_taxi_lakehouse", "target_name": "dev", "node_id": "model.nyc_taxi_lakehouse.int_trips_enriched"} */
drop view if exists "nyc_taxi"."main_intermediate"."int_trips_enriched__dbt_backup" cascade
[0m16:35:36.244310 [debug] [Thread-3 (]: SQL status: OK in 0.000 seconds
[0m16:35:36.245754 [debug] [Thread-3 (]: On model.nyc_taxi_lakehouse.int_trips_enriched: Close
[0m16:35:36.245754 [debug] [Thread-3 (]: Sending event: {'category': 'dbt', 'action': 'run_model', 'label': '40231e75-329d-404c-b346-a2a3ff1f0688', 'context': [<snowplow_tracker.self_describing_json.SelfDescribingJson object at 0x000001A76C7A60C0>]}
[0m16:35:36.245754 [info ] [Thread-3 (]: 2 of 4 OK created sql view model main_intermediate.int_trips_enriched .......... [[32mOK[0m in 0.04s]
[0m16:35:36.245754 [debug] [Thread-3 (]: Finished running node model.nyc_taxi_lakehouse.int_trips_enriched
[0m16:35:36.245754 [debug] [Thread-2 (]: Began running node model.nyc_taxi_lakehouse.fct_trips
[0m16:35:36.245754 [info ] [Thread-2 (]: 3 of 4 START sql table model main_marts.fct_trips .............................. [RUN]
[0m16:35:36.245754 [debug] [Thread-2 (]: Acquiring new duckdb connection 'model.nyc_taxi_lakehouse.fct_trips'
[0m16:35:36.245754 [debug] [Thread-2 (]: Began compiling node model.nyc_taxi_lakehouse.fct_trips
[0m16:35:36.255113 [debug] [Thread-2 (]: Writing injected SQL for node "model.nyc_taxi_lakehouse.fct_trips"
[0m16:35:36.257992 [debug] [Thread-2 (]: Began executing node model.nyc_taxi_lakehouse.fct_trips
[0m16:35:36.275799 [debug] [Thread-2 (]: Writing runtime sql for node "model.nyc_taxi_lakehouse.fct_trips"
[0m16:35:36.275799 [debug] [Thread-2 (]: Using duckdb connection "model.nyc_taxi_lakehouse.fct_trips"
[0m16:35:36.275799 [debug] [Thread-2 (]: On model.nyc_taxi_lakehouse.fct_trips: BEGIN
[0m16:35:36.275799 [debug] [Thread-2 (]: Opening a new connection, currently in state init
[0m16:35:36.275799 [debug] [Thread-2 (]: SQL status: OK in 0.008 seconds
[0m16:35:36.275799 [debug] [Thread-2 (]: Using duckdb connection "model.nyc_taxi_lakehouse.fct_trips"
[0m16:35:36.275799 [debug] [Thread-2 (]: On model.nyc_taxi_lakehouse.fct_trips: /* {"app": "dbt", "dbt_version": "1.8.9", "profile_name": "nyc_taxi_lakehouse", "target_name": "dev", "node_id": "model.nyc_taxi_lakehouse.fct_trips"} */

  
    
    

    create  table
      "nyc_taxi"."main_marts"."fct_trips__dbt_tmp"
  
    as (
      -- models/marts/fct_trips.sql
-- ---------------------------
-- Fact table: granularidade = 1 linha por corrida.
-- Materializada como table para performance de leitura.
--
-- Decisão de granularidade:
--     Cada linha representa uma corrida completa. Agregar aqui
--     (ex: por dia) aumentaria performance de queries simples mas
--     impossibilitaria análises ad-hoc de corrida individual.
--     Para dashboards agregados, criar marts específicos (ex: mart_daily).

with trips as (

    select * from "nyc_taxi"."main_intermediate"."int_trips_enriched"

)

select
    -- surrogate key (DuckDB não tem UUID nativo sem extensão, usamos rowid)
    row_number() over (order by pickup_at) as trip_id,

    -- timestamps
    pickup_at,
    dropoff_at,
    pickup_date,
    pickup_hour,
    time_of_day,

    -- location ids (foreign keys para dimensão de zona - NYC TLC Zone)
    pickup_location_id,
    dropoff_location_id,

    -- métricas da corrida
    passenger_count,
    trip_distance,
    trip_duration_minutes,
    distance_bucket,

    -- métricas financeiras
    fare_amount,
    tip_amount,
    tolls_amount,
    total_amount,
    tip_percentage,
    has_tip,

    -- dimensões degeneradas
    vendor_id,
    rate_code_id,
    payment_type,
    store_and_fwd_flag

from trips
    );
  
  
[0m16:35:38.868856 [debug] [Thread-2 (]: SQL status: OK in 2.582 seconds
[0m16:35:38.868856 [debug] [Thread-2 (]: Using duckdb connection "model.nyc_taxi_lakehouse.fct_trips"
[0m16:35:38.868856 [debug] [Thread-2 (]: On model.nyc_taxi_lakehouse.fct_trips: /* {"app": "dbt", "dbt_version": "1.8.9", "profile_name": "nyc_taxi_lakehouse", "target_name": "dev", "node_id": "model.nyc_taxi_lakehouse.fct_trips"} */
alter table "nyc_taxi"."main_marts"."fct_trips__dbt_tmp" rename to "fct_trips"
[0m16:35:38.868856 [debug] [Thread-2 (]: SQL status: OK in 0.000 seconds
[0m16:35:38.868856 [debug] [Thread-2 (]: On model.nyc_taxi_lakehouse.fct_trips: COMMIT
[0m16:35:38.868856 [debug] [Thread-2 (]: Using duckdb connection "model.nyc_taxi_lakehouse.fct_trips"
[0m16:35:38.868856 [debug] [Thread-2 (]: On model.nyc_taxi_lakehouse.fct_trips: COMMIT
[0m16:35:39.028192 [debug] [Thread-2 (]: SQL status: OK in 0.148 seconds
[0m16:35:39.028192 [debug] [Thread-2 (]: Using duckdb connection "model.nyc_taxi_lakehouse.fct_trips"
[0m16:35:39.028192 [debug] [Thread-2 (]: On model.nyc_taxi_lakehouse.fct_trips: /* {"app": "dbt", "dbt_version": "1.8.9", "profile_name": "nyc_taxi_lakehouse", "target_name": "dev", "node_id": "model.nyc_taxi_lakehouse.fct_trips"} */
drop table if exists "nyc_taxi"."main_marts"."fct_trips__dbt_backup" cascade
[0m16:35:39.028192 [debug] [Thread-2 (]: SQL status: OK in 0.000 seconds
[0m16:35:39.028192 [debug] [Thread-2 (]: On model.nyc_taxi_lakehouse.fct_trips: Close
[0m16:35:39.043979 [debug] [Thread-2 (]: Sending event: {'category': 'dbt', 'action': 'run_model', 'label': '40231e75-329d-404c-b346-a2a3ff1f0688', 'context': [<snowplow_tracker.self_describing_json.SelfDescribingJson object at 0x000001A76C756C30>]}
[0m16:35:39.043979 [info ] [Thread-2 (]: 3 of 4 OK created sql table model main_marts.fct_trips ......................... [[32mOK[0m in 2.80s]
[0m16:35:39.043979 [debug] [Thread-2 (]: Finished running node model.nyc_taxi_lakehouse.fct_trips
[0m16:35:39.043979 [debug] [Thread-4 (]: Began running node model.nyc_taxi_lakehouse.mart_daily_summary
[0m16:35:39.043979 [info ] [Thread-4 (]: 4 of 4 START sql table model main_marts.mart_daily_summary ..................... [RUN]
[0m16:35:39.043979 [debug] [Thread-4 (]: Acquiring new duckdb connection 'model.nyc_taxi_lakehouse.mart_daily_summary'
[0m16:35:39.043979 [debug] [Thread-4 (]: Began compiling node model.nyc_taxi_lakehouse.mart_daily_summary
[0m16:35:39.043979 [debug] [Thread-4 (]: Writing injected SQL for node "model.nyc_taxi_lakehouse.mart_daily_summary"
[0m16:35:39.043979 [debug] [Thread-4 (]: Began executing node model.nyc_taxi_lakehouse.mart_daily_summary
[0m16:35:39.060003 [debug] [Thread-4 (]: Writing runtime sql for node "model.nyc_taxi_lakehouse.mart_daily_summary"
[0m16:35:39.062055 [debug] [Thread-4 (]: Using duckdb connection "model.nyc_taxi_lakehouse.mart_daily_summary"
[0m16:35:39.062055 [debug] [Thread-4 (]: On model.nyc_taxi_lakehouse.mart_daily_summary: BEGIN
[0m16:35:39.063259 [debug] [Thread-4 (]: Opening a new connection, currently in state init
[0m16:35:39.069587 [debug] [Thread-4 (]: SQL status: OK in 0.011 seconds
[0m16:35:39.069587 [debug] [Thread-4 (]: Using duckdb connection "model.nyc_taxi_lakehouse.mart_daily_summary"
[0m16:35:39.069587 [debug] [Thread-4 (]: On model.nyc_taxi_lakehouse.mart_daily_summary: /* {"app": "dbt", "dbt_version": "1.8.9", "profile_name": "nyc_taxi_lakehouse", "target_name": "dev", "node_id": "model.nyc_taxi_lakehouse.mart_daily_summary"} */

  
    
    

    create  table
      "nyc_taxi"."main_marts"."mart_daily_summary__dbt_tmp"
  
    as (
      -- models/marts/mart_daily_summary.sql
-- -------------------------------------
-- Mart analítico: agrega corridas por dia.
-- Alimenta dashboards e queries de tendência temporal.
--
-- Decisão: mart separado da fct_trips evita que queries de dashboard
-- façam full scan na fact table a cada execução.
-- Trade-off: dado duplicado vs performance de leitura.

with trips as (

    select * from "nyc_taxi"."main_marts"."fct_trips"

),

daily as (

    select
        pickup_date,

        -- volume
        count(*)                                    as total_trips,
        sum(passenger_count)                        as total_passengers,

        -- distância
        round(sum(trip_distance), 2)                as total_distance_miles,
        round(avg(trip_distance), 2)                as avg_distance_miles,

        -- duração
        round(avg(trip_duration_minutes), 2)        as avg_duration_minutes,

        -- financeiro
        round(sum(total_amount), 2)                 as total_revenue,
        round(avg(total_amount), 2)                 as avg_fare,
        round(sum(tip_amount), 2)                   as total_tips,
        round(avg(tip_percentage), 2)               as avg_tip_percentage,

        -- pagamento
        count(*) filter (where payment_type = 'credit_card')    as trips_credit_card,
        count(*) filter (where payment_type = 'cash')           as trips_cash,

        -- período do dia
        count(*) filter (where time_of_day = 'morning')         as trips_morning,
        count(*) filter (where time_of_day = 'afternoon')       as trips_afternoon,
        count(*) filter (where time_of_day = 'evening')         as trips_evening,
        count(*) filter (where time_of_day = 'late_night')      as trips_late_night

    from trips
    group by pickup_date

)

select * from daily
order by pickup_date
    );
  
  
[0m16:35:39.157758 [debug] [Thread-4 (]: SQL status: OK in 0.087 seconds
[0m16:35:39.157758 [debug] [Thread-4 (]: Using duckdb connection "model.nyc_taxi_lakehouse.mart_daily_summary"
[0m16:35:39.157758 [debug] [Thread-4 (]: On model.nyc_taxi_lakehouse.mart_daily_summary: /* {"app": "dbt", "dbt_version": "1.8.9", "profile_name": "nyc_taxi_lakehouse", "target_name": "dev", "node_id": "model.nyc_taxi_lakehouse.mart_daily_summary"} */
alter table "nyc_taxi"."main_marts"."mart_daily_summary__dbt_tmp" rename to "mart_daily_summary"
[0m16:35:39.157758 [debug] [Thread-4 (]: SQL status: OK in 0.000 seconds
[0m16:35:39.157758 [debug] [Thread-4 (]: On model.nyc_taxi_lakehouse.mart_daily_summary: COMMIT
[0m16:35:39.157758 [debug] [Thread-4 (]: Using duckdb connection "model.nyc_taxi_lakehouse.mart_daily_summary"
[0m16:35:39.157758 [debug] [Thread-4 (]: On model.nyc_taxi_lakehouse.mart_daily_summary: COMMIT
[0m16:35:39.157758 [debug] [Thread-4 (]: SQL status: OK in 0.002 seconds
[0m16:35:39.157758 [debug] [Thread-4 (]: Using duckdb connection "model.nyc_taxi_lakehouse.mart_daily_summary"
[0m16:35:39.157758 [debug] [Thread-4 (]: On model.nyc_taxi_lakehouse.mart_daily_summary: /* {"app": "dbt", "dbt_version": "1.8.9", "profile_name": "nyc_taxi_lakehouse", "target_name": "dev", "node_id": "model.nyc_taxi_lakehouse.mart_daily_summary"} */
drop table if exists "nyc_taxi"."main_marts"."mart_daily_summary__dbt_backup" cascade
[0m16:35:39.173605 [debug] [Thread-4 (]: SQL status: OK in 0.000 seconds
[0m16:35:39.173605 [debug] [Thread-4 (]: On model.nyc_taxi_lakehouse.mart_daily_summary: Close
[0m16:35:39.189615 [debug] [Thread-4 (]: Sending event: {'category': 'dbt', 'action': 'run_model', 'label': '40231e75-329d-404c-b346-a2a3ff1f0688', 'context': [<snowplow_tracker.self_describing_json.SelfDescribingJson object at 0x000001A76C86F650>]}
[0m16:35:39.189615 [info ] [Thread-4 (]: 4 of 4 OK created sql table model main_marts.mart_daily_summary ................ [[32mOK[0m in 0.15s]
[0m16:35:39.189615 [debug] [Thread-4 (]: Finished running node model.nyc_taxi_lakehouse.mart_daily_summary
[0m16:35:39.189615 [debug] [MainThread]: Using duckdb connection "master"
[0m16:35:39.189615 [debug] [MainThread]: On master: BEGIN
[0m16:35:39.189615 [debug] [MainThread]: Opening a new connection, currently in state closed
[0m16:35:39.207586 [debug] [MainThread]: SQL status: OK in 0.009 seconds
[0m16:35:39.207586 [debug] [MainThread]: On master: COMMIT
[0m16:35:39.209063 [debug] [MainThread]: Using duckdb connection "master"
[0m16:35:39.209063 [debug] [MainThread]: On master: COMMIT
[0m16:35:39.209783 [debug] [MainThread]: SQL status: OK in 0.000 seconds
[0m16:35:39.209783 [debug] [MainThread]: On master: Close
[0m16:35:39.211814 [debug] [MainThread]: Connection 'master' was properly closed.
[0m16:35:39.212811 [debug] [MainThread]: Connection 'create_nyc_taxi_main_marts' was properly closed.
[0m16:35:39.212811 [debug] [MainThread]: Connection 'create_nyc_taxi_main_intermediate' was properly closed.
[0m16:35:39.213193 [debug] [MainThread]: Connection 'create_nyc_taxi_main_staging' was properly closed.
[0m16:35:39.213193 [debug] [MainThread]: Connection 'list_nyc_taxi_main_intermediate' was properly closed.
[0m16:35:39.213193 [debug] [MainThread]: Connection 'list_nyc_taxi_main_staging' was properly closed.
[0m16:35:39.213193 [debug] [MainThread]: Connection 'list_nyc_taxi_main_marts' was properly closed.
[0m16:35:39.213193 [debug] [MainThread]: Connection 'model.nyc_taxi_lakehouse.stg_yellow_trips' was properly closed.
[0m16:35:39.213193 [debug] [MainThread]: Connection 'model.nyc_taxi_lakehouse.int_trips_enriched' was properly closed.
[0m16:35:39.213193 [debug] [MainThread]: Connection 'model.nyc_taxi_lakehouse.fct_trips' was properly closed.
[0m16:35:39.213193 [debug] [MainThread]: Connection 'model.nyc_taxi_lakehouse.mart_daily_summary' was properly closed.
[0m16:35:39.213193 [info ] [MainThread]: 
[0m16:35:39.213193 [info ] [MainThread]: Finished running 2 view models, 2 table models in 0 hours 0 minutes and 3.85 seconds (3.85s).
[0m16:35:39.213193 [debug] [MainThread]: Command end result
[0m16:35:39.248039 [info ] [MainThread]: 
[0m16:35:39.248039 [info ] [MainThread]: [32mCompleted successfully[0m
[0m16:35:39.248039 [info ] [MainThread]: 
[0m16:35:39.248039 [info ] [MainThread]: Done. PASS=4 WARN=0 ERROR=0 SKIP=0 TOTAL=4
[0m16:35:39.248039 [debug] [MainThread]: Command `dbt run` succeeded at 16:35:39.248039 after 5.41 seconds
[0m16:35:39.248039 [debug] [MainThread]: Sending event: {'category': 'dbt', 'action': 'invocation', 'label': 'end', 'context': [<snowplow_tracker.self_describing_json.SelfDescribingJson object at 0x000001A75A6D3680>, <snowplow_tracker.self_describing_json.SelfDescribingJson object at 0x000001A76C516BA0>, <snowplow_tracker.self_describing_json.SelfDescribingJson object at 0x000001A75A0DCCE0>]}
[0m16:35:39.248039 [debug] [MainThread]: Flushing usage events
[0m16:35:57.278058 [debug] [MainThread]: Sending event: {'category': 'dbt', 'action': 'invocation', 'label': 'start', 'context': [<snowplow_tracker.self_describing_json.SelfDescribingJson object at 0x0000021EED16F260>, <snowplow_tracker.self_describing_json.SelfDescribingJson object at 0x0000021EED16F140>, <snowplow_tracker.self_describing_json.SelfDescribingJson object at 0x0000021EEE174BC0>]}


============================== 16:35:57.278058 | 86df5149-9357-4f52-b86f-1eddeeffa38b ==============================
[0m16:35:57.278058 [info ] [MainThread]: Running with dbt=1.8.9
[0m16:35:57.278058 [debug] [MainThread]: running dbt with arguments {'printer_width': '80', 'indirect_selection': 'eager', 'write_json': 'True', 'log_cache_events': 'False', 'partial_parse': 'True', 'cache_selected_only': 'False', 'warn_error': 'None', 'version_check': 'True', 'fail_fast': 'False', 'log_path': 'C:\\Users\\joaob\\Downloads\\nyc_taxi_lakehouse\\dbt_project\\logs', 'debug': 'False', 'profiles_dir': 'C:\\Users\\joaob\\Downloads\\nyc_taxi_lakehouse\\dbt_project', 'use_colors': 'True', 'use_experimental_parser': 'False', 'empty': 'None', 'quiet': 'False', 'no_print': 'None', 'log_format': 'default', 'invocation_command': 'dbt test', 'static_parser': 'True', 'warn_error_options': 'WarnErrorOptions(include=[], exclude=[])', 'target_path': 'None', 'introspect': 'True', 'send_anonymous_usage_stats': 'True'}
[0m16:35:57.481681 [debug] [MainThread]: Sending event: {'category': 'dbt', 'action': 'project_id', 'label': '86df5149-9357-4f52-b86f-1eddeeffa38b', 'context': [<snowplow_tracker.self_describing_json.SelfDescribingJson object at 0x0000021EEE206B70>]}
[0m16:35:57.535330 [debug] [MainThread]: Sending event: {'category': 'dbt', 'action': 'adapter_info', 'label': '86df5149-9357-4f52-b86f-1eddeeffa38b', 'context': [<snowplow_tracker.self_describing_json.SelfDescribingJson object at 0x0000021EEE19FA10>]}
[0m16:35:57.545324 [info ] [MainThread]: Registered adapter: duckdb=1.8.4
[0m16:35:57.894628 [debug] [MainThread]: checksum: 132857a23e9d07220246854f7763165174ce9b737cfc7867629ace4294e520b1, vars: {}, profile: , target: , version: 1.8.9
[0m16:35:58.042572 [debug] [MainThread]: Partial parsing enabled: 0 files deleted, 0 files added, 0 files changed.
[0m16:35:58.042572 [debug] [MainThread]: Partial parsing enabled, no changes found, skipping parsing
[0m16:35:58.083766 [debug] [MainThread]: Sending event: {'category': 'dbt', 'action': 'load_project', 'label': '86df5149-9357-4f52-b86f-1eddeeffa38b', 'context': [<snowplow_tracker.self_describing_json.SelfDescribingJson object at 0x0000021EEF3B1970>]}
[0m16:35:58.211427 [debug] [MainThread]: Sending event: {'category': 'dbt', 'action': 'resource_counts', 'label': '86df5149-9357-4f52-b86f-1eddeeffa38b', 'context': [<snowplow_tracker.self_describing_json.SelfDescribingJson object at 0x0000021EEF748740>]}
[0m16:35:58.211427 [info ] [MainThread]: Found 4 models, 27 data tests, 1 source, 426 macros
[0m16:35:58.213436 [debug] [MainThread]: Sending event: {'category': 'dbt', 'action': 'runnable_timing', 'label': '86df5149-9357-4f52-b86f-1eddeeffa38b', 'context': [<snowplow_tracker.self_describing_json.SelfDescribingJson object at 0x0000021EEF7F69C0>]}
[0m16:35:58.221663 [info ] [MainThread]: 
[0m16:35:58.222661 [debug] [MainThread]: Acquiring new duckdb connection 'master'
[0m16:35:58.235944 [debug] [ThreadPool]: Acquiring new duckdb connection 'list_nyc_taxi_main_staging'
[0m16:35:58.259657 [debug] [ThreadPool]: Acquiring new duckdb connection 'list_nyc_taxi_main_marts'
[0m16:35:58.266397 [debug] [ThreadPool]: Acquiring new duckdb connection 'list_nyc_taxi_main_intermediate'
[0m16:35:58.394990 [debug] [ThreadPool]: Using duckdb connection "list_nyc_taxi_main_staging"
[0m16:35:58.394990 [debug] [ThreadPool]: Using duckdb connection "list_nyc_taxi_main_marts"
[0m16:35:58.394990 [debug] [ThreadPool]: Using duckdb connection "list_nyc_taxi_main_intermediate"
[0m16:35:58.394990 [debug] [ThreadPool]: On list_nyc_taxi_main_staging: BEGIN
[0m16:35:58.394990 [debug] [ThreadPool]: On list_nyc_taxi_main_marts: BEGIN
[0m16:35:58.394990 [debug] [ThreadPool]: On list_nyc_taxi_main_intermediate: BEGIN
[0m16:35:58.394990 [debug] [ThreadPool]: Opening a new connection, currently in state init
[0m16:35:58.394990 [debug] [ThreadPool]: Opening a new connection, currently in state init
[0m16:35:58.394990 [debug] [ThreadPool]: Opening a new connection, currently in state init
[0m16:35:58.883598 [debug] [ThreadPool]: SQL status: OK in 0.485 seconds
[0m16:35:58.883598 [debug] [ThreadPool]: Using duckdb connection "list_nyc_taxi_main_intermediate"
[0m16:35:58.883598 [debug] [ThreadPool]: On list_nyc_taxi_main_intermediate: /* {"app": "dbt", "dbt_version": "1.8.9", "profile_name": "nyc_taxi_lakehouse", "target_name": "dev", "connection_name": "list_nyc_taxi_main_intermediate"} */
select
      'nyc_taxi' as database,
      table_name as name,
      table_schema as schema,
      CASE table_type
        WHEN 'BASE TABLE' THEN 'table'
        WHEN 'VIEW' THEN 'view'
        WHEN 'LOCAL TEMPORARY' THEN 'table'
        END as type
    from system.information_schema.tables
    where table_schema = 'main_intermediate'
    and table_catalog = 'nyc_taxi'
  
[0m16:35:58.883598 [debug] [ThreadPool]: SQL status: OK in 0.487 seconds
[0m16:35:58.883598 [debug] [ThreadPool]: SQL status: OK in 0.487 seconds
[0m16:35:58.883598 [debug] [ThreadPool]: Using duckdb connection "list_nyc_taxi_main_staging"
[0m16:35:58.883598 [debug] [ThreadPool]: Using duckdb connection "list_nyc_taxi_main_marts"
[0m16:35:58.883598 [debug] [ThreadPool]: On list_nyc_taxi_main_staging: /* {"app": "dbt", "dbt_version": "1.8.9", "profile_name": "nyc_taxi_lakehouse", "target_name": "dev", "connection_name": "list_nyc_taxi_main_staging"} */
select
      'nyc_taxi' as database,
      table_name as name,
      table_schema as schema,
      CASE table_type
        WHEN 'BASE TABLE' THEN 'table'
        WHEN 'VIEW' THEN 'view'
        WHEN 'LOCAL TEMPORARY' THEN 'table'
        END as type
    from system.information_schema.tables
    where table_schema = 'main_staging'
    and table_catalog = 'nyc_taxi'
  
[0m16:35:58.883598 [debug] [ThreadPool]: On list_nyc_taxi_main_marts: /* {"app": "dbt", "dbt_version": "1.8.9", "profile_name": "nyc_taxi_lakehouse", "target_name": "dev", "connection_name": "list_nyc_taxi_main_marts"} */
select
      'nyc_taxi' as database,
      table_name as name,
      table_schema as schema,
      CASE table_type
        WHEN 'BASE TABLE' THEN 'table'
        WHEN 'VIEW' THEN 'view'
        WHEN 'LOCAL TEMPORARY' THEN 'table'
        END as type
    from system.information_schema.tables
    where table_schema = 'main_marts'
    and table_catalog = 'nyc_taxi'
  
[0m16:35:58.926211 [debug] [ThreadPool]: SQL status: OK in 0.035 seconds
[0m16:35:58.926211 [debug] [ThreadPool]: SQL status: OK in 0.038 seconds
[0m16:35:58.926211 [debug] [ThreadPool]: On list_nyc_taxi_main_marts: ROLLBACK
[0m16:35:58.926211 [debug] [ThreadPool]: On list_nyc_taxi_main_intermediate: ROLLBACK
[0m16:35:58.926211 [debug] [ThreadPool]: SQL status: OK in 0.039 seconds
[0m16:35:58.926211 [debug] [ThreadPool]: On list_nyc_taxi_main_staging: ROLLBACK
[0m16:35:58.926211 [debug] [ThreadPool]: Failed to rollback 'list_nyc_taxi_main_intermediate'
[0m16:35:58.932351 [debug] [ThreadPool]: On list_nyc_taxi_main_intermediate: Close
[0m16:35:58.933633 [debug] [ThreadPool]: Failed to rollback 'list_nyc_taxi_main_marts'
[0m16:35:58.933633 [debug] [ThreadPool]: On list_nyc_taxi_main_marts: Close
[0m16:35:58.933633 [debug] [ThreadPool]: Failed to rollback 'list_nyc_taxi_main_staging'
[0m16:35:58.933633 [debug] [ThreadPool]: On list_nyc_taxi_main_staging: Close
[0m16:35:58.933633 [debug] [MainThread]: Sending event: {'category': 'dbt', 'action': 'runnable_timing', 'label': '86df5149-9357-4f52-b86f-1eddeeffa38b', 'context': [<snowplow_tracker.self_describing_json.SelfDescribingJson object at 0x0000021EEB9AFC20>]}
[0m16:35:58.933633 [debug] [MainThread]: Using duckdb connection "master"
[0m16:35:58.933633 [debug] [MainThread]: On master: BEGIN
[0m16:35:58.933633 [debug] [MainThread]: Opening a new connection, currently in state init
[0m16:35:58.949911 [debug] [MainThread]: SQL status: OK in 0.008 seconds
[0m16:35:58.950257 [debug] [MainThread]: On master: COMMIT
[0m16:35:58.950257 [debug] [MainThread]: Using duckdb connection "master"
[0m16:35:58.950257 [debug] [MainThread]: On master: COMMIT
[0m16:35:58.950257 [debug] [MainThread]: SQL status: OK in 0.000 seconds
[0m16:35:58.950257 [debug] [MainThread]: On master: Close
[0m16:35:58.950257 [info ] [MainThread]: Concurrency: 4 threads (target='dev')
[0m16:35:58.950257 [info ] [MainThread]: 
[0m16:35:58.950257 [debug] [Thread-1 (]: Began running node test.nyc_taxi_lakehouse.accepted_values_fct_trips_distance_bucket__short__medium__long__very_long.c5c9977db3
[0m16:35:58.950257 [debug] [Thread-2 (]: Began running node test.nyc_taxi_lakehouse.accepted_values_fct_trips_payment_type__credit_card__cash__no_charge__dispute__unknown__voided_trip__other.ba0c936a2d
[0m16:35:58.950257 [debug] [Thread-3 (]: Began running node test.nyc_taxi_lakehouse.accepted_values_fct_trips_time_of_day__morning__afternoon__evening__late_night.02765e5855
[0m16:35:58.950257 [info ] [Thread-1 (]: 1 of 27 START test accepted_values_fct_trips_distance_bucket__short__medium__long__very_long  [RUN]
[0m16:35:58.950257 [debug] [Thread-1 (]: Acquiring new duckdb connection 'test.nyc_taxi_lakehouse.accepted_values_fct_trips_distance_bucket__short__medium__long__very_long.c5c9977db3'
[0m16:35:58.950257 [debug] [Thread-1 (]: Began compiling node test.nyc_taxi_lakehouse.accepted_values_fct_trips_distance_bucket__short__medium__long__very_long.c5c9977db3
[0m16:35:58.966032 [debug] [Thread-4 (]: Began running node test.nyc_taxi_lakehouse.accepted_values_stg_yellow_trips_payment_type_id__1__2__3__4__5__6.3eae713b47
[0m16:35:58.950257 [info ] [Thread-2 (]: 2 of 27 START test accepted_values_fct_trips_payment_type__credit_card__cash__no_charge__dispute__unknown__voided_trip__other  [RUN]
[0m16:35:58.972783 [debug] [Thread-1 (]: Writing injected SQL for node "test.nyc_taxi_lakehouse.accepted_values_fct_trips_distance_bucket__short__medium__long__very_long.c5c9977db3"
[0m16:35:58.950257 [info ] [Thread-3 (]: 3 of 27 START test accepted_values_fct_trips_time_of_day__morning__afternoon__evening__late_night  [RUN]
[0m16:35:58.972783 [debug] [Thread-2 (]: Acquiring new duckdb connection 'test.nyc_taxi_lakehouse.accepted_values_fct_trips_payment_type__credit_card__cash__no_charge__dispute__unknown__voided_trip__other.ba0c936a2d'
[0m16:35:58.972783 [info ] [Thread-4 (]: 4 of 27 START test accepted_values_stg_yellow_trips_payment_type_id__1__2__3__4__5__6  [RUN]
[0m16:35:58.972783 [debug] [Thread-3 (]: Acquiring new duckdb connection 'test.nyc_taxi_lakehouse.accepted_values_fct_trips_time_of_day__morning__afternoon__evening__late_night.02765e5855'
[0m16:35:58.972783 [debug] [Thread-2 (]: Began compiling node test.nyc_taxi_lakehouse.accepted_values_fct_trips_payment_type__credit_card__cash__no_charge__dispute__unknown__voided_trip__other.ba0c936a2d
[0m16:35:58.982411 [debug] [Thread-4 (]: Acquiring new duckdb connection 'test.nyc_taxi_lakehouse.accepted_values_stg_yellow_trips_payment_type_id__1__2__3__4__5__6.3eae713b47'
[0m16:35:58.983419 [debug] [Thread-3 (]: Began compiling node test.nyc_taxi_lakehouse.accepted_values_fct_trips_time_of_day__morning__afternoon__evening__late_night.02765e5855
[0m16:35:58.991809 [debug] [Thread-2 (]: Writing injected SQL for node "test.nyc_taxi_lakehouse.accepted_values_fct_trips_payment_type__credit_card__cash__no_charge__dispute__unknown__voided_trip__other.ba0c936a2d"
[0m16:35:58.991809 [debug] [Thread-4 (]: Began compiling node test.nyc_taxi_lakehouse.accepted_values_stg_yellow_trips_payment_type_id__1__2__3__4__5__6.3eae713b47
[0m16:35:58.995773 [debug] [Thread-3 (]: Writing injected SQL for node "test.nyc_taxi_lakehouse.accepted_values_fct_trips_time_of_day__morning__afternoon__evening__late_night.02765e5855"
[0m16:35:58.999971 [debug] [Thread-1 (]: Began executing node test.nyc_taxi_lakehouse.accepted_values_fct_trips_distance_bucket__short__medium__long__very_long.c5c9977db3
[0m16:35:59.003982 [debug] [Thread-4 (]: Writing injected SQL for node "test.nyc_taxi_lakehouse.accepted_values_stg_yellow_trips_payment_type_id__1__2__3__4__5__6.3eae713b47"
[0m16:35:59.017648 [debug] [Thread-1 (]: Writing runtime sql for node "test.nyc_taxi_lakehouse.accepted_values_fct_trips_distance_bucket__short__medium__long__very_long.c5c9977db3"
[0m16:35:59.017648 [debug] [Thread-2 (]: Began executing node test.nyc_taxi_lakehouse.accepted_values_fct_trips_payment_type__credit_card__cash__no_charge__dispute__unknown__voided_trip__other.ba0c936a2d
[0m16:35:59.017648 [debug] [Thread-2 (]: Writing runtime sql for node "test.nyc_taxi_lakehouse.accepted_values_fct_trips_payment_type__credit_card__cash__no_charge__dispute__unknown__voided_trip__other.ba0c936a2d"
[0m16:35:59.017648 [debug] [Thread-4 (]: Began executing node test.nyc_taxi_lakehouse.accepted_values_stg_yellow_trips_payment_type_id__1__2__3__4__5__6.3eae713b47
[0m16:35:59.017648 [debug] [Thread-4 (]: Writing runtime sql for node "test.nyc_taxi_lakehouse.accepted_values_stg_yellow_trips_payment_type_id__1__2__3__4__5__6.3eae713b47"
[0m16:35:59.033241 [debug] [Thread-3 (]: Began executing node test.nyc_taxi_lakehouse.accepted_values_fct_trips_time_of_day__morning__afternoon__evening__late_night.02765e5855
[0m16:35:59.033241 [debug] [Thread-1 (]: Using duckdb connection "test.nyc_taxi_lakehouse.accepted_values_fct_trips_distance_bucket__short__medium__long__very_long.c5c9977db3"
[0m16:35:59.034250 [debug] [Thread-2 (]: Using duckdb connection "test.nyc_taxi_lakehouse.accepted_values_fct_trips_payment_type__credit_card__cash__no_charge__dispute__unknown__voided_trip__other.ba0c936a2d"
[0m16:35:59.036252 [debug] [Thread-3 (]: Writing runtime sql for node "test.nyc_taxi_lakehouse.accepted_values_fct_trips_time_of_day__morning__afternoon__evening__late_night.02765e5855"
[0m16:35:59.037252 [debug] [Thread-1 (]: On test.nyc_taxi_lakehouse.accepted_values_fct_trips_distance_bucket__short__medium__long__very_long.c5c9977db3: BEGIN
[0m16:35:59.037252 [debug] [Thread-2 (]: On test.nyc_taxi_lakehouse.accepted_values_fct_trips_payment_type__credit_card__cash__no_charge__dispute__unknown__voided_trip__other.ba0c936a2d: BEGIN
[0m16:35:59.037252 [debug] [Thread-4 (]: Using duckdb connection "test.nyc_taxi_lakehouse.accepted_values_stg_yellow_trips_payment_type_id__1__2__3__4__5__6.3eae713b47"
[0m16:35:59.038249 [debug] [Thread-1 (]: Opening a new connection, currently in state init
[0m16:35:59.038249 [debug] [Thread-2 (]: Opening a new connection, currently in state init
[0m16:35:59.039252 [debug] [Thread-4 (]: On test.nyc_taxi_lakehouse.accepted_values_stg_yellow_trips_payment_type_id__1__2__3__4__5__6.3eae713b47: BEGIN
[0m16:35:59.039252 [debug] [Thread-3 (]: Using duckdb connection "test.nyc_taxi_lakehouse.accepted_values_fct_trips_time_of_day__morning__afternoon__evening__late_night.02765e5855"
[0m16:35:59.040248 [debug] [Thread-4 (]: Opening a new connection, currently in state init
[0m16:35:59.040248 [debug] [Thread-3 (]: On test.nyc_taxi_lakehouse.accepted_values_fct_trips_time_of_day__morning__afternoon__evening__late_night.02765e5855: BEGIN
[0m16:35:59.041248 [debug] [Thread-3 (]: Opening a new connection, currently in state init
[0m16:35:59.047276 [debug] [Thread-1 (]: SQL status: OK in 0.009 seconds
[0m16:35:59.048287 [debug] [Thread-1 (]: Using duckdb connection "test.nyc_taxi_lakehouse.accepted_values_fct_trips_distance_bucket__short__medium__long__very_long.c5c9977db3"
[0m16:35:59.048287 [debug] [Thread-1 (]: On test.nyc_taxi_lakehouse.accepted_values_fct_trips_distance_bucket__short__medium__long__very_long.c5c9977db3: /* {"app": "dbt", "dbt_version": "1.8.9", "profile_name": "nyc_taxi_lakehouse", "target_name": "dev", "node_id": "test.nyc_taxi_lakehouse.accepted_values_fct_trips_distance_bucket__short__medium__long__very_long.c5c9977db3"} */

    select
      count(*) as failures,
      count(*) != 0 as should_warn,
      count(*) != 0 as should_error
    from (
      
    
  
    
    

with all_values as (

    select
        distance_bucket as value_field,
        count(*) as n_records

    from "nyc_taxi"."main_marts"."fct_trips"
    group by distance_bucket

)

select *
from all_values
where value_field not in (
    'short','medium','long','very_long'
)



  
  
      
    ) dbt_internal_test
[0m16:35:59.049248 [debug] [Thread-2 (]: SQL status: OK in 0.011 seconds
[0m16:35:59.050088 [debug] [Thread-2 (]: Using duckdb connection "test.nyc_taxi_lakehouse.accepted_values_fct_trips_payment_type__credit_card__cash__no_charge__dispute__unknown__voided_trip__other.ba0c936a2d"
[0m16:35:59.050088 [debug] [Thread-3 (]: SQL status: OK in 0.010 seconds
[0m16:35:59.051181 [debug] [Thread-2 (]: On test.nyc_taxi_lakehouse.accepted_values_fct_trips_payment_type__credit_card__cash__no_charge__dispute__unknown__voided_trip__other.ba0c936a2d: /* {"app": "dbt", "dbt_version": "1.8.9", "profile_name": "nyc_taxi_lakehouse", "target_name": "dev", "node_id": "test.nyc_taxi_lakehouse.accepted_values_fct_trips_payment_type__credit_card__cash__no_charge__dispute__unknown__voided_trip__other.ba0c936a2d"} */

    select
      count(*) as failures,
      count(*) != 0 as should_warn,
      count(*) != 0 as should_error
    from (
      
    
  
    
    

with all_values as (

    select
        payment_type as value_field,
        count(*) as n_records

    from "nyc_taxi"."main_marts"."fct_trips"
    group by payment_type

)

select *
from all_values
where value_field not in (
    'credit_card','cash','no_charge','dispute','unknown','voided_trip','other'
)



  
  
      
    ) dbt_internal_test
[0m16:35:59.052143 [debug] [Thread-4 (]: SQL status: OK in 0.011 seconds
[0m16:35:59.052143 [debug] [Thread-3 (]: Using duckdb connection "test.nyc_taxi_lakehouse.accepted_values_fct_trips_time_of_day__morning__afternoon__evening__late_night.02765e5855"
[0m16:35:59.054144 [debug] [Thread-4 (]: Using duckdb connection "test.nyc_taxi_lakehouse.accepted_values_stg_yellow_trips_payment_type_id__1__2__3__4__5__6.3eae713b47"
[0m16:35:59.055144 [debug] [Thread-3 (]: On test.nyc_taxi_lakehouse.accepted_values_fct_trips_time_of_day__morning__afternoon__evening__late_night.02765e5855: /* {"app": "dbt", "dbt_version": "1.8.9", "profile_name": "nyc_taxi_lakehouse", "target_name": "dev", "node_id": "test.nyc_taxi_lakehouse.accepted_values_fct_trips_time_of_day__morning__afternoon__evening__late_night.02765e5855"} */

    select
      count(*) as failures,
      count(*) != 0 as should_warn,
      count(*) != 0 as should_error
    from (
      
    
  
    
    

with all_values as (

    select
        time_of_day as value_field,
        count(*) as n_records

    from "nyc_taxi"."main_marts"."fct_trips"
    group by time_of_day

)

select *
from all_values
where value_field not in (
    'morning','afternoon','evening','late_night'
)



  
  
      
    ) dbt_internal_test
[0m16:35:59.056208 [debug] [Thread-4 (]: On test.nyc_taxi_lakehouse.accepted_values_stg_yellow_trips_payment_type_id__1__2__3__4__5__6.3eae713b47: /* {"app": "dbt", "dbt_version": "1.8.9", "profile_name": "nyc_taxi_lakehouse", "target_name": "dev", "node_id": "test.nyc_taxi_lakehouse.accepted_values_stg_yellow_trips_payment_type_id__1__2__3__4__5__6.3eae713b47"} */

    select
      count(*) as failures,
      count(*) != 0 as should_warn,
      count(*) != 0 as should_error
    from (
      
    
  
    
    

with all_values as (

    select
        payment_type_id as value_field,
        count(*) as n_records

    from "nyc_taxi"."main_staging"."stg_yellow_trips"
    group by payment_type_id

)

select *
from all_values
where value_field not in (
    '1','2','3','4','5','6'
)



  
  
      
    ) dbt_internal_test
[0m16:35:59.075221 [debug] [Thread-1 (]: SQL status: OK in 0.026 seconds
[0m16:35:59.081242 [debug] [Thread-1 (]: On test.nyc_taxi_lakehouse.accepted_values_fct_trips_distance_bucket__short__medium__long__very_long.c5c9977db3: ROLLBACK
[0m16:35:59.082992 [debug] [Thread-1 (]: Failed to rollback 'test.nyc_taxi_lakehouse.accepted_values_fct_trips_distance_bucket__short__medium__long__very_long.c5c9977db3'
[0m16:35:59.082992 [debug] [Thread-1 (]: On test.nyc_taxi_lakehouse.accepted_values_fct_trips_distance_bucket__short__medium__long__very_long.c5c9977db3: Close
[0m16:35:59.085000 [debug] [Thread-3 (]: SQL status: OK in 0.029 seconds
[0m16:35:59.087007 [debug] [Thread-3 (]: On test.nyc_taxi_lakehouse.accepted_values_fct_trips_time_of_day__morning__afternoon__evening__late_night.02765e5855: ROLLBACK
[0m16:35:59.089014 [debug] [Thread-3 (]: Failed to rollback 'test.nyc_taxi_lakehouse.accepted_values_fct_trips_time_of_day__morning__afternoon__evening__late_night.02765e5855'
[0m16:35:59.091021 [debug] [Thread-3 (]: On test.nyc_taxi_lakehouse.accepted_values_fct_trips_time_of_day__morning__afternoon__evening__late_night.02765e5855: Close
[0m16:35:59.085000 [info ] [Thread-1 (]: 1 of 27 PASS accepted_values_fct_trips_distance_bucket__short__medium__long__very_long  [[32mPASS[0m in 0.13s]
[0m16:35:59.097043 [debug] [Thread-1 (]: Finished running node test.nyc_taxi_lakehouse.accepted_values_fct_trips_distance_bucket__short__medium__long__very_long.c5c9977db3
[0m16:35:59.097043 [debug] [Thread-1 (]: Began running node test.nyc_taxi_lakehouse.accepted_values_stg_yellow_trips_vendor_id__1__2.8414c124a2
[0m16:35:59.095035 [info ] [Thread-3 (]: 3 of 27 PASS accepted_values_fct_trips_time_of_day__morning__afternoon__evening__late_night  [[32mPASS[0m in 0.12s]
[0m16:35:59.099717 [debug] [Thread-2 (]: SQL status: OK in 0.045 seconds
[0m16:35:59.098706 [info ] [Thread-1 (]: 5 of 27 START test accepted_values_stg_yellow_trips_vendor_id__1__2 ............ [RUN]
[0m16:35:59.099717 [debug] [Thread-3 (]: Finished running node test.nyc_taxi_lakehouse.accepted_values_fct_trips_time_of_day__morning__afternoon__evening__late_night.02765e5855
[0m16:35:59.101938 [debug] [Thread-1 (]: Re-using an available connection from the pool (formerly test.nyc_taxi_lakehouse.accepted_values_fct_trips_distance_bucket__short__medium__long__very_long.c5c9977db3, now test.nyc_taxi_lakehouse.accepted_values_stg_yellow_trips_vendor_id__1__2.8414c124a2)
[0m16:35:59.103529 [debug] [Thread-2 (]: On test.nyc_taxi_lakehouse.accepted_values_fct_trips_payment_type__credit_card__cash__no_charge__dispute__unknown__voided_trip__other.ba0c936a2d: ROLLBACK
[0m16:35:59.104526 [debug] [Thread-3 (]: Began running node test.nyc_taxi_lakehouse.not_null_fct_trips_pickup_at.444dea6a87
[0m16:35:59.105528 [debug] [Thread-1 (]: Began compiling node test.nyc_taxi_lakehouse.accepted_values_stg_yellow_trips_vendor_id__1__2.8414c124a2
[0m16:35:59.108238 [debug] [Thread-2 (]: Failed to rollback 'test.nyc_taxi_lakehouse.accepted_values_fct_trips_payment_type__credit_card__cash__no_charge__dispute__unknown__voided_trip__other.ba0c936a2d'
[0m16:35:59.106032 [info ] [Thread-3 (]: 6 of 27 START test not_null_fct_trips_pickup_at ................................ [RUN]
[0m16:35:59.113253 [debug] [Thread-1 (]: Writing injected SQL for node "test.nyc_taxi_lakehouse.accepted_values_stg_yellow_trips_vendor_id__1__2.8414c124a2"
[0m16:35:59.113253 [debug] [Thread-2 (]: On test.nyc_taxi_lakehouse.accepted_values_fct_trips_payment_type__credit_card__cash__no_charge__dispute__unknown__voided_trip__other.ba0c936a2d: Close
[0m16:35:59.113253 [debug] [Thread-3 (]: Re-using an available connection from the pool (formerly test.nyc_taxi_lakehouse.accepted_values_fct_trips_time_of_day__morning__afternoon__evening__late_night.02765e5855, now test.nyc_taxi_lakehouse.not_null_fct_trips_pickup_at.444dea6a87)
[0m16:35:59.113253 [debug] [Thread-3 (]: Began compiling node test.nyc_taxi_lakehouse.not_null_fct_trips_pickup_at.444dea6a87
[0m16:35:59.113253 [info ] [Thread-2 (]: 2 of 27 PASS accepted_values_fct_trips_payment_type__credit_card__cash__no_charge__dispute__unknown__voided_trip__other  [[32mPASS[0m in 0.14s]
[0m16:35:59.124215 [debug] [Thread-3 (]: Writing injected SQL for node "test.nyc_taxi_lakehouse.not_null_fct_trips_pickup_at.444dea6a87"
[0m16:35:59.125259 [debug] [Thread-2 (]: Finished running node test.nyc_taxi_lakehouse.accepted_values_fct_trips_payment_type__credit_card__cash__no_charge__dispute__unknown__voided_trip__other.ba0c936a2d
[0m16:35:59.126225 [debug] [Thread-4 (]: SQL status: OK in 0.069 seconds
[0m16:35:59.126225 [debug] [Thread-2 (]: Began running node test.nyc_taxi_lakehouse.not_null_fct_trips_total_amount.0e8ec5477d
[0m16:35:59.127264 [debug] [Thread-1 (]: Began executing node test.nyc_taxi_lakehouse.accepted_values_stg_yellow_trips_vendor_id__1__2.8414c124a2
[0m16:35:59.129262 [debug] [Thread-4 (]: On test.nyc_taxi_lakehouse.accepted_values_stg_yellow_trips_payment_type_id__1__2__3__4__5__6.3eae713b47: ROLLBACK
[0m16:35:59.129262 [debug] [Thread-1 (]: Writing runtime sql for node "test.nyc_taxi_lakehouse.accepted_values_stg_yellow_trips_vendor_id__1__2.8414c124a2"
[0m16:35:59.127264 [info ] [Thread-2 (]: 7 of 27 START test not_null_fct_trips_total_amount ............................. [RUN]
[0m16:35:59.129262 [debug] [Thread-3 (]: Began executing node test.nyc_taxi_lakehouse.not_null_fct_trips_pickup_at.444dea6a87
[0m16:35:59.133358 [debug] [Thread-4 (]: Failed to rollback 'test.nyc_taxi_lakehouse.accepted_values_stg_yellow_trips_payment_type_id__1__2__3__4__5__6.3eae713b47'
[0m16:35:59.133961 [debug] [Thread-2 (]: Re-using an available connection from the pool (formerly test.nyc_taxi_lakehouse.accepted_values_fct_trips_payment_type__credit_card__cash__no_charge__dispute__unknown__voided_trip__other.ba0c936a2d, now test.nyc_taxi_lakehouse.not_null_fct_trips_total_amount.0e8ec5477d)
[0m16:35:59.133961 [debug] [Thread-3 (]: Writing runtime sql for node "test.nyc_taxi_lakehouse.not_null_fct_trips_pickup_at.444dea6a87"
[0m16:35:59.133961 [debug] [Thread-4 (]: On test.nyc_taxi_lakehouse.accepted_values_stg_yellow_trips_payment_type_id__1__2__3__4__5__6.3eae713b47: Close
[0m16:35:59.133961 [debug] [Thread-2 (]: Began compiling node test.nyc_taxi_lakehouse.not_null_fct_trips_total_amount.0e8ec5477d
[0m16:35:59.133961 [debug] [Thread-1 (]: Using duckdb connection "test.nyc_taxi_lakehouse.accepted_values_stg_yellow_trips_vendor_id__1__2.8414c124a2"
[0m16:35:59.143689 [debug] [Thread-2 (]: Writing injected SQL for node "test.nyc_taxi_lakehouse.not_null_fct_trips_total_amount.0e8ec5477d"
[0m16:35:59.144688 [debug] [Thread-1 (]: On test.nyc_taxi_lakehouse.accepted_values_stg_yellow_trips_vendor_id__1__2.8414c124a2: BEGIN
[0m16:35:59.145686 [debug] [Thread-1 (]: Opening a new connection, currently in state closed
[0m16:35:59.144688 [info ] [Thread-4 (]: 4 of 27 PASS accepted_values_stg_yellow_trips_payment_type_id__1__2__3__4__5__6  [[32mPASS[0m in 0.16s]
[0m16:35:59.145686 [debug] [Thread-4 (]: Finished running node test.nyc_taxi_lakehouse.accepted_values_stg_yellow_trips_payment_type_id__1__2__3__4__5__6.3eae713b47
[0m16:35:59.145686 [debug] [Thread-4 (]: Began running node test.nyc_taxi_lakehouse.not_null_fct_trips_trip_duration_minutes.566e53ade7
[0m16:35:59.145686 [debug] [Thread-2 (]: Began executing node test.nyc_taxi_lakehouse.not_null_fct_trips_total_amount.0e8ec5477d
[0m16:35:59.150420 [debug] [Thread-2 (]: Writing runtime sql for node "test.nyc_taxi_lakehouse.not_null_fct_trips_total_amount.0e8ec5477d"
[0m16:35:59.150420 [debug] [Thread-3 (]: Using duckdb connection "test.nyc_taxi_lakehouse.not_null_fct_trips_pickup_at.444dea6a87"
[0m16:35:59.145686 [info ] [Thread-4 (]: 8 of 27 START test not_null_fct_trips_trip_duration_minutes .................... [RUN]
[0m16:35:59.150420 [debug] [Thread-3 (]: On test.nyc_taxi_lakehouse.not_null_fct_trips_pickup_at.444dea6a87: BEGIN
[0m16:35:59.150420 [debug] [Thread-4 (]: Re-using an available connection from the pool (formerly test.nyc_taxi_lakehouse.accepted_values_stg_yellow_trips_payment_type_id__1__2__3__4__5__6.3eae713b47, now test.nyc_taxi_lakehouse.not_null_fct_trips_trip_duration_minutes.566e53ade7)
[0m16:35:59.150420 [debug] [Thread-3 (]: Opening a new connection, currently in state closed
[0m16:35:59.150420 [debug] [Thread-4 (]: Began compiling node test.nyc_taxi_lakehouse.not_null_fct_trips_trip_duration_minutes.566e53ade7
[0m16:35:59.158985 [debug] [Thread-4 (]: Writing injected SQL for node "test.nyc_taxi_lakehouse.not_null_fct_trips_trip_duration_minutes.566e53ade7"
[0m16:35:59.159974 [debug] [Thread-2 (]: Using duckdb connection "test.nyc_taxi_lakehouse.not_null_fct_trips_total_amount.0e8ec5477d"
[0m16:35:59.160942 [debug] [Thread-2 (]: On test.nyc_taxi_lakehouse.not_null_fct_trips_total_amount.0e8ec5477d: BEGIN
[0m16:35:59.161939 [debug] [Thread-2 (]: Opening a new connection, currently in state closed
[0m16:35:59.161939 [debug] [Thread-3 (]: SQL status: OK in 0.008 seconds
[0m16:35:59.161939 [debug] [Thread-3 (]: Using duckdb connection "test.nyc_taxi_lakehouse.not_null_fct_trips_pickup_at.444dea6a87"
[0m16:35:59.161939 [debug] [Thread-3 (]: On test.nyc_taxi_lakehouse.not_null_fct_trips_pickup_at.444dea6a87: /* {"app": "dbt", "dbt_version": "1.8.9", "profile_name": "nyc_taxi_lakehouse", "target_name": "dev", "node_id": "test.nyc_taxi_lakehouse.not_null_fct_trips_pickup_at.444dea6a87"} */

    select
      count(*) as failures,
      count(*) != 0 as should_warn,
      count(*) != 0 as should_error
    from (
      
    
  
    
    



select pickup_at
from "nyc_taxi"."main_marts"."fct_trips"
where pickup_at is null



  
  
      
    ) dbt_internal_test
[0m16:35:59.161939 [debug] [Thread-1 (]: SQL status: OK in 0.018 seconds
[0m16:35:59.161939 [debug] [Thread-1 (]: Using duckdb connection "test.nyc_taxi_lakehouse.accepted_values_stg_yellow_trips_vendor_id__1__2.8414c124a2"
[0m16:35:59.161939 [debug] [Thread-1 (]: On test.nyc_taxi_lakehouse.accepted_values_stg_yellow_trips_vendor_id__1__2.8414c124a2: /* {"app": "dbt", "dbt_version": "1.8.9", "profile_name": "nyc_taxi_lakehouse", "target_name": "dev", "node_id": "test.nyc_taxi_lakehouse.accepted_values_stg_yellow_trips_vendor_id__1__2.8414c124a2"} */

    select
      count(*) as failures,
      count(*) != 0 as should_warn,
      count(*) != 0 as should_error
    from (
      
    
  
    
    

with all_values as (

    select
        vendor_id as value_field,
        count(*) as n_records

    from "nyc_taxi"."main_staging"."stg_yellow_trips"
    group by vendor_id

)

select *
from all_values
where value_field not in (
    '1','2'
)



  
  
      
    ) dbt_internal_test
[0m16:35:59.161939 [debug] [Thread-4 (]: Began executing node test.nyc_taxi_lakehouse.not_null_fct_trips_trip_duration_minutes.566e53ade7
[0m16:35:59.161939 [debug] [Thread-2 (]: SQL status: OK in 0.003 seconds
[0m16:35:59.167235 [debug] [Thread-4 (]: Writing runtime sql for node "test.nyc_taxi_lakehouse.not_null_fct_trips_trip_duration_minutes.566e53ade7"
[0m16:35:59.167235 [debug] [Thread-2 (]: Using duckdb connection "test.nyc_taxi_lakehouse.not_null_fct_trips_total_amount.0e8ec5477d"
[0m16:35:59.167235 [debug] [Thread-3 (]: SQL status: OK in 0.007 seconds
[0m16:35:59.167235 [debug] [Thread-2 (]: On test.nyc_taxi_lakehouse.not_null_fct_trips_total_amount.0e8ec5477d: /* {"app": "dbt", "dbt_version": "1.8.9", "profile_name": "nyc_taxi_lakehouse", "target_name": "dev", "node_id": "test.nyc_taxi_lakehouse.not_null_fct_trips_total_amount.0e8ec5477d"} */

    select
      count(*) as failures,
      count(*) != 0 as should_warn,
      count(*) != 0 as should_error
    from (
      
    
  
    
    



select total_amount
from "nyc_taxi"."main_marts"."fct_trips"
where total_amount is null



  
  
      
    ) dbt_internal_test
[0m16:35:59.167235 [debug] [Thread-3 (]: On test.nyc_taxi_lakehouse.not_null_fct_trips_pickup_at.444dea6a87: ROLLBACK
[0m16:35:59.167235 [debug] [Thread-2 (]: SQL status: OK in 0.003 seconds
[0m16:35:59.167235 [debug] [Thread-3 (]: Failed to rollback 'test.nyc_taxi_lakehouse.not_null_fct_trips_pickup_at.444dea6a87'
[0m16:35:59.167235 [debug] [Thread-4 (]: Using duckdb connection "test.nyc_taxi_lakehouse.not_null_fct_trips_trip_duration_minutes.566e53ade7"
[0m16:35:59.167235 [debug] [Thread-2 (]: On test.nyc_taxi_lakehouse.not_null_fct_trips_total_amount.0e8ec5477d: ROLLBACK
[0m16:35:59.167235 [debug] [Thread-3 (]: On test.nyc_taxi_lakehouse.not_null_fct_trips_pickup_at.444dea6a87: Close
[0m16:35:59.167235 [debug] [Thread-4 (]: On test.nyc_taxi_lakehouse.not_null_fct_trips_trip_duration_minutes.566e53ade7: BEGIN
[0m16:35:59.167235 [debug] [Thread-2 (]: Failed to rollback 'test.nyc_taxi_lakehouse.not_null_fct_trips_total_amount.0e8ec5477d'
[0m16:35:59.167235 [debug] [Thread-4 (]: Opening a new connection, currently in state closed
[0m16:35:59.167235 [info ] [Thread-3 (]: 6 of 27 PASS not_null_fct_trips_pickup_at ...................................... [[32mPASS[0m in 0.05s]
[0m16:35:59.167235 [debug] [Thread-2 (]: On test.nyc_taxi_lakehouse.not_null_fct_trips_total_amount.0e8ec5477d: Close
[0m16:35:59.167235 [debug] [Thread-3 (]: Finished running node test.nyc_taxi_lakehouse.not_null_fct_trips_pickup_at.444dea6a87
[0m16:35:59.182499 [debug] [Thread-4 (]: SQL status: OK in 0.002 seconds
[0m16:35:59.183295 [debug] [Thread-3 (]: Began running node test.nyc_taxi_lakehouse.not_null_fct_trips_trip_id.df65bf8c1d
[0m16:35:59.183772 [info ] [Thread-2 (]: 7 of 27 PASS not_null_fct_trips_total_amount ................................... [[32mPASS[0m in 0.05s]
[0m16:35:59.183772 [debug] [Thread-4 (]: Using duckdb connection "test.nyc_taxi_lakehouse.not_null_fct_trips_trip_duration_minutes.566e53ade7"
[0m16:35:59.183772 [debug] [Thread-1 (]: SQL status: OK in 0.020 seconds
[0m16:35:59.183772 [debug] [Thread-2 (]: Finished running node test.nyc_taxi_lakehouse.not_null_fct_trips_total_amount.0e8ec5477d
[0m16:35:59.183772 [info ] [Thread-3 (]: 9 of 27 START test not_null_fct_trips_trip_id .................................. [RUN]
[0m16:35:59.183772 [debug] [Thread-4 (]: On test.nyc_taxi_lakehouse.not_null_fct_trips_trip_duration_minutes.566e53ade7: /* {"app": "dbt", "dbt_version": "1.8.9", "profile_name": "nyc_taxi_lakehouse", "target_name": "dev", "node_id": "test.nyc_taxi_lakehouse.not_null_fct_trips_trip_duration_minutes.566e53ade7"} */

    select
      count(*) as failures,
      count(*) != 0 as should_warn,
      count(*) != 0 as should_error
    from (
      
    
  
    
    



select trip_duration_minutes
from "nyc_taxi"."main_marts"."fct_trips"
where trip_duration_minutes is null



  
  
      
    ) dbt_internal_test
[0m16:35:59.188011 [debug] [Thread-2 (]: Began running node test.nyc_taxi_lakehouse.not_null_mart_daily_summary_pickup_date.608c1772a1
[0m16:35:59.189020 [debug] [Thread-1 (]: On test.nyc_taxi_lakehouse.accepted_values_stg_yellow_trips_vendor_id__1__2.8414c124a2: ROLLBACK
[0m16:35:59.190058 [debug] [Thread-3 (]: Re-using an available connection from the pool (formerly test.nyc_taxi_lakehouse.not_null_fct_trips_pickup_at.444dea6a87, now test.nyc_taxi_lakehouse.not_null_fct_trips_trip_id.df65bf8c1d)
[0m16:35:59.191019 [info ] [Thread-2 (]: 10 of 27 START test not_null_mart_daily_summary_pickup_date .................... [RUN]
[0m16:35:59.192023 [debug] [Thread-4 (]: SQL status: OK in 0.001 seconds
[0m16:35:59.192023 [debug] [Thread-3 (]: Began compiling node test.nyc_taxi_lakehouse.not_null_fct_trips_trip_id.df65bf8c1d
[0m16:35:59.193022 [debug] [Thread-1 (]: Failed to rollback 'test.nyc_taxi_lakehouse.accepted_values_stg_yellow_trips_vendor_id__1__2.8414c124a2'
[0m16:35:59.193022 [debug] [Thread-2 (]: Re-using an available connection from the pool (formerly test.nyc_taxi_lakehouse.not_null_fct_trips_total_amount.0e8ec5477d, now test.nyc_taxi_lakehouse.not_null_mart_daily_summary_pickup_date.608c1772a1)
[0m16:35:59.193022 [debug] [Thread-4 (]: On test.nyc_taxi_lakehouse.not_null_fct_trips_trip_duration_minutes.566e53ade7: ROLLBACK
[0m16:35:59.193022 [debug] [Thread-3 (]: Writing injected SQL for node "test.nyc_taxi_lakehouse.not_null_fct_trips_trip_id.df65bf8c1d"
[0m16:35:59.193022 [debug] [Thread-1 (]: On test.nyc_taxi_lakehouse.accepted_values_stg_yellow_trips_vendor_id__1__2.8414c124a2: Close
[0m16:35:59.193022 [debug] [Thread-2 (]: Began compiling node test.nyc_taxi_lakehouse.not_null_mart_daily_summary_pickup_date.608c1772a1
[0m16:35:59.200474 [debug] [Thread-4 (]: Failed to rollback 'test.nyc_taxi_lakehouse.not_null_fct_trips_trip_duration_minutes.566e53ade7'
[0m16:35:59.200474 [debug] [Thread-2 (]: Writing injected SQL for node "test.nyc_taxi_lakehouse.not_null_mart_daily_summary_pickup_date.608c1772a1"
[0m16:35:59.200474 [info ] [Thread-1 (]: 5 of 27 PASS accepted_values_stg_yellow_trips_vendor_id__1__2 .................. [[32mPASS[0m in 0.10s]
[0m16:35:59.200474 [debug] [Thread-4 (]: On test.nyc_taxi_lakehouse.not_null_fct_trips_trip_duration_minutes.566e53ade7: Close
[0m16:35:59.200474 [debug] [Thread-3 (]: Began executing node test.nyc_taxi_lakehouse.not_null_fct_trips_trip_id.df65bf8c1d
[0m16:35:59.207749 [debug] [Thread-1 (]: Finished running node test.nyc_taxi_lakehouse.accepted_values_stg_yellow_trips_vendor_id__1__2.8414c124a2
[0m16:35:59.209760 [debug] [Thread-3 (]: Writing runtime sql for node "test.nyc_taxi_lakehouse.not_null_fct_trips_trip_id.df65bf8c1d"
[0m16:35:59.210791 [debug] [Thread-1 (]: Began running node test.nyc_taxi_lakehouse.not_null_mart_daily_summary_total_revenue.9c16bd1d42
[0m16:35:59.210791 [info ] [Thread-4 (]: 8 of 27 PASS not_null_fct_trips_trip_duration_minutes .......................... [[32mPASS[0m in 0.06s]
[0m16:35:59.211760 [debug] [Thread-4 (]: Finished running node test.nyc_taxi_lakehouse.not_null_fct_trips_trip_duration_minutes.566e53ade7
[0m16:35:59.211760 [debug] [Thread-4 (]: Began running node test.nyc_taxi_lakehouse.not_null_mart_daily_summary_total_trips.7b5c8cda1a
[0m16:35:59.211760 [info ] [Thread-1 (]: 11 of 27 START test not_null_mart_daily_summary_total_revenue .................. [RUN]
[0m16:35:59.211760 [debug] [Thread-1 (]: Re-using an available connection from the pool (formerly test.nyc_taxi_lakehouse.accepted_values_stg_yellow_trips_vendor_id__1__2.8414c124a2, now test.nyc_taxi_lakehouse.not_null_mart_daily_summary_total_revenue.9c16bd1d42)
[0m16:35:59.211760 [debug] [Thread-1 (]: Began compiling node test.nyc_taxi_lakehouse.not_null_mart_daily_summary_total_revenue.9c16bd1d42
[0m16:35:59.217044 [debug] [Thread-2 (]: Began executing node test.nyc_taxi_lakehouse.not_null_mart_daily_summary_pickup_date.608c1772a1
[0m16:35:59.217044 [debug] [Thread-2 (]: Writing runtime sql for node "test.nyc_taxi_lakehouse.not_null_mart_daily_summary_pickup_date.608c1772a1"
[0m16:35:59.217044 [debug] [Thread-1 (]: Writing injected SQL for node "test.nyc_taxi_lakehouse.not_null_mart_daily_summary_total_revenue.9c16bd1d42"
[0m16:35:59.211760 [info ] [Thread-4 (]: 12 of 27 START test not_null_mart_daily_summary_total_trips .................... [RUN]
[0m16:35:59.217044 [debug] [Thread-4 (]: Re-using an available connection from the pool (formerly test.nyc_taxi_lakehouse.not_null_fct_trips_trip_duration_minutes.566e53ade7, now test.nyc_taxi_lakehouse.not_null_mart_daily_summary_total_trips.7b5c8cda1a)
[0m16:35:59.217044 [debug] [Thread-4 (]: Began compiling node test.nyc_taxi_lakehouse.not_null_mart_daily_summary_total_trips.7b5c8cda1a
[0m16:35:59.228358 [debug] [Thread-4 (]: Writing injected SQL for node "test.nyc_taxi_lakehouse.not_null_mart_daily_summary_total_trips.7b5c8cda1a"
[0m16:35:59.229367 [debug] [Thread-2 (]: Using duckdb connection "test.nyc_taxi_lakehouse.not_null_mart_daily_summary_pickup_date.608c1772a1"
[0m16:35:59.229367 [debug] [Thread-2 (]: On test.nyc_taxi_lakehouse.not_null_mart_daily_summary_pickup_date.608c1772a1: BEGIN
[0m16:35:59.230322 [debug] [Thread-2 (]: Opening a new connection, currently in state closed
[0m16:35:59.230322 [debug] [Thread-1 (]: Began executing node test.nyc_taxi_lakehouse.not_null_mart_daily_summary_total_revenue.9c16bd1d42
[0m16:35:59.231318 [debug] [Thread-4 (]: Began executing node test.nyc_taxi_lakehouse.not_null_mart_daily_summary_total_trips.7b5c8cda1a
[0m16:35:59.233905 [debug] [Thread-1 (]: Writing runtime sql for node "test.nyc_taxi_lakehouse.not_null_mart_daily_summary_total_revenue.9c16bd1d42"
[0m16:35:59.233905 [debug] [Thread-3 (]: Using duckdb connection "test.nyc_taxi_lakehouse.not_null_fct_trips_trip_id.df65bf8c1d"
[0m16:35:59.237921 [debug] [Thread-4 (]: Writing runtime sql for node "test.nyc_taxi_lakehouse.not_null_mart_daily_summary_total_trips.7b5c8cda1a"
[0m16:35:59.237921 [debug] [Thread-3 (]: On test.nyc_taxi_lakehouse.not_null_fct_trips_trip_id.df65bf8c1d: BEGIN
[0m16:35:59.237921 [debug] [Thread-3 (]: Opening a new connection, currently in state closed
[0m16:35:59.237921 [debug] [Thread-1 (]: Using duckdb connection "test.nyc_taxi_lakehouse.not_null_mart_daily_summary_total_revenue.9c16bd1d42"
[0m16:35:59.237921 [debug] [Thread-4 (]: Using duckdb connection "test.nyc_taxi_lakehouse.not_null_mart_daily_summary_total_trips.7b5c8cda1a"
[0m16:35:59.237921 [debug] [Thread-1 (]: On test.nyc_taxi_lakehouse.not_null_mart_daily_summary_total_revenue.9c16bd1d42: BEGIN
[0m16:35:59.237921 [debug] [Thread-4 (]: On test.nyc_taxi_lakehouse.not_null_mart_daily_summary_total_trips.7b5c8cda1a: BEGIN
[0m16:35:59.237921 [debug] [Thread-2 (]: SQL status: OK in 0.013 seconds
[0m16:35:59.237921 [debug] [Thread-1 (]: Opening a new connection, currently in state closed
[0m16:35:59.237921 [debug] [Thread-4 (]: Opening a new connection, currently in state closed
[0m16:35:59.237921 [debug] [Thread-2 (]: Using duckdb connection "test.nyc_taxi_lakehouse.not_null_mart_daily_summary_pickup_date.608c1772a1"
[0m16:35:59.237921 [debug] [Thread-3 (]: SQL status: OK in 0.006 seconds
[0m16:35:59.237921 [debug] [Thread-2 (]: On test.nyc_taxi_lakehouse.not_null_mart_daily_summary_pickup_date.608c1772a1: /* {"app": "dbt", "dbt_version": "1.8.9", "profile_name": "nyc_taxi_lakehouse", "target_name": "dev", "node_id": "test.nyc_taxi_lakehouse.not_null_mart_daily_summary_pickup_date.608c1772a1"} */

    select
      count(*) as failures,
      count(*) != 0 as should_warn,
      count(*) != 0 as should_error
    from (
      
    
  
    
    



select pickup_date
from "nyc_taxi"."main_marts"."mart_daily_summary"
where pickup_date is null



  
  
      
    ) dbt_internal_test
[0m16:35:59.237921 [debug] [Thread-1 (]: SQL status: OK in 0.002 seconds
[0m16:35:59.237921 [debug] [Thread-4 (]: SQL status: OK in 0.002 seconds
[0m16:35:59.237921 [debug] [Thread-3 (]: Using duckdb connection "test.nyc_taxi_lakehouse.not_null_fct_trips_trip_id.df65bf8c1d"
[0m16:35:59.237921 [debug] [Thread-1 (]: Using duckdb connection "test.nyc_taxi_lakehouse.not_null_mart_daily_summary_total_revenue.9c16bd1d42"
[0m16:35:59.237921 [debug] [Thread-4 (]: Using duckdb connection "test.nyc_taxi_lakehouse.not_null_mart_daily_summary_total_trips.7b5c8cda1a"
[0m16:35:59.237921 [debug] [Thread-3 (]: On test.nyc_taxi_lakehouse.not_null_fct_trips_trip_id.df65bf8c1d: /* {"app": "dbt", "dbt_version": "1.8.9", "profile_name": "nyc_taxi_lakehouse", "target_name": "dev", "node_id": "test.nyc_taxi_lakehouse.not_null_fct_trips_trip_id.df65bf8c1d"} */

    select
      count(*) as failures,
      count(*) != 0 as should_warn,
      count(*) != 0 as should_error
    from (
      
    
  
    
    



select trip_id
from "nyc_taxi"."main_marts"."fct_trips"
where trip_id is null



  
  
      
    ) dbt_internal_test
[0m16:35:59.237921 [debug] [Thread-2 (]: SQL status: OK in 0.001 seconds
[0m16:35:59.237921 [debug] [Thread-1 (]: On test.nyc_taxi_lakehouse.not_null_mart_daily_summary_total_revenue.9c16bd1d42: /* {"app": "dbt", "dbt_version": "1.8.9", "profile_name": "nyc_taxi_lakehouse", "target_name": "dev", "node_id": "test.nyc_taxi_lakehouse.not_null_mart_daily_summary_total_revenue.9c16bd1d42"} */

    select
      count(*) as failures,
      count(*) != 0 as should_warn,
      count(*) != 0 as should_error
    from (
      
    
  
    
    



select total_revenue
from "nyc_taxi"."main_marts"."mart_daily_summary"
where total_revenue is null



  
  
      
    ) dbt_internal_test
[0m16:35:59.249203 [debug] [Thread-4 (]: On test.nyc_taxi_lakehouse.not_null_mart_daily_summary_total_trips.7b5c8cda1a: /* {"app": "dbt", "dbt_version": "1.8.9", "profile_name": "nyc_taxi_lakehouse", "target_name": "dev", "node_id": "test.nyc_taxi_lakehouse.not_null_mart_daily_summary_total_trips.7b5c8cda1a"} */

    select
      count(*) as failures,
      count(*) != 0 as should_warn,
      count(*) != 0 as should_error
    from (
      
    
  
    
    



select total_trips
from "nyc_taxi"."main_marts"."mart_daily_summary"
where total_trips is null



  
  
      
    ) dbt_internal_test
[0m16:35:59.250507 [debug] [Thread-2 (]: On test.nyc_taxi_lakehouse.not_null_mart_daily_summary_pickup_date.608c1772a1: ROLLBACK
[0m16:35:59.250507 [debug] [Thread-3 (]: SQL status: OK in 0.002 seconds
[0m16:35:59.250507 [debug] [Thread-3 (]: On test.nyc_taxi_lakehouse.not_null_fct_trips_trip_id.df65bf8c1d: ROLLBACK
[0m16:35:59.250507 [debug] [Thread-2 (]: Failed to rollback 'test.nyc_taxi_lakehouse.not_null_mart_daily_summary_pickup_date.608c1772a1'
[0m16:35:59.250507 [debug] [Thread-2 (]: On test.nyc_taxi_lakehouse.not_null_mart_daily_summary_pickup_date.608c1772a1: Close
[0m16:35:59.250507 [debug] [Thread-4 (]: SQL status: OK in 0.003 seconds
[0m16:35:59.250507 [debug] [Thread-1 (]: SQL status: OK in 0.004 seconds
[0m16:35:59.250507 [debug] [Thread-3 (]: Failed to rollback 'test.nyc_taxi_lakehouse.not_null_fct_trips_trip_id.df65bf8c1d'
[0m16:35:59.250507 [info ] [Thread-2 (]: 10 of 27 PASS not_null_mart_daily_summary_pickup_date .......................... [[32mPASS[0m in 0.06s]
[0m16:35:59.250507 [debug] [Thread-4 (]: On test.nyc_taxi_lakehouse.not_null_mart_daily_summary_total_trips.7b5c8cda1a: ROLLBACK
[0m16:35:59.250507 [debug] [Thread-1 (]: On test.nyc_taxi_lakehouse.not_null_mart_daily_summary_total_revenue.9c16bd1d42: ROLLBACK
[0m16:35:59.250507 [debug] [Thread-3 (]: On test.nyc_taxi_lakehouse.not_null_fct_trips_trip_id.df65bf8c1d: Close
[0m16:35:59.250507 [debug] [Thread-2 (]: Finished running node test.nyc_taxi_lakehouse.not_null_mart_daily_summary_pickup_date.608c1772a1
[0m16:35:59.250507 [debug] [Thread-4 (]: Failed to rollback 'test.nyc_taxi_lakehouse.not_null_mart_daily_summary_total_trips.7b5c8cda1a'
[0m16:35:59.250507 [debug] [Thread-1 (]: Failed to rollback 'test.nyc_taxi_lakehouse.not_null_mart_daily_summary_total_revenue.9c16bd1d42'
[0m16:35:59.250507 [debug] [Thread-2 (]: Began running node test.nyc_taxi_lakehouse.not_null_stg_yellow_trips_dropoff_at.5e7750f632
[0m16:35:59.250507 [info ] [Thread-3 (]: 9 of 27 PASS not_null_fct_trips_trip_id ........................................ [[32mPASS[0m in 0.06s]
[0m16:35:59.250507 [debug] [Thread-4 (]: On test.nyc_taxi_lakehouse.not_null_mart_daily_summary_total_trips.7b5c8cda1a: Close
[0m16:35:59.250507 [debug] [Thread-1 (]: On test.nyc_taxi_lakehouse.not_null_mart_daily_summary_total_revenue.9c16bd1d42: Close
[0m16:35:59.265198 [debug] [Thread-3 (]: Finished running node test.nyc_taxi_lakehouse.not_null_fct_trips_trip_id.df65bf8c1d
[0m16:35:59.265198 [info ] [Thread-2 (]: 13 of 27 START test not_null_stg_yellow_trips_dropoff_at ....................... [RUN]
[0m16:35:59.267199 [debug] [Thread-3 (]: Began running node test.nyc_taxi_lakehouse.not_null_stg_yellow_trips_passenger_count.4ff8bf000d
[0m16:35:59.266207 [info ] [Thread-4 (]: 12 of 27 PASS not_null_mart_daily_summary_total_trips .......................... [[32mPASS[0m in 0.05s]
[0m16:35:59.267199 [debug] [Thread-2 (]: Re-using an available connection from the pool (formerly test.nyc_taxi_lakehouse.not_null_mart_daily_summary_pickup_date.608c1772a1, now test.nyc_taxi_lakehouse.not_null_stg_yellow_trips_dropoff_at.5e7750f632)
[0m16:35:59.269211 [info ] [Thread-3 (]: 14 of 27 START test not_null_stg_yellow_trips_passenger_count .................. [RUN]
[0m16:35:59.271220 [debug] [Thread-4 (]: Finished running node test.nyc_taxi_lakehouse.not_null_mart_daily_summary_total_trips.7b5c8cda1a
[0m16:35:59.271220 [debug] [Thread-2 (]: Began compiling node test.nyc_taxi_lakehouse.not_null_stg_yellow_trips_dropoff_at.5e7750f632
[0m16:35:59.269211 [info ] [Thread-1 (]: 11 of 27 PASS not_null_mart_daily_summary_total_revenue ........................ [[32mPASS[0m in 0.06s]
[0m16:35:59.273233 [debug] [Thread-3 (]: Re-using an available connection from the pool (formerly test.nyc_taxi_lakehouse.not_null_fct_trips_trip_id.df65bf8c1d, now test.nyc_taxi_lakehouse.not_null_stg_yellow_trips_passenger_count.4ff8bf000d)
[0m16:35:59.273233 [debug] [Thread-4 (]: Began running node test.nyc_taxi_lakehouse.not_null_stg_yellow_trips_pickup_at.8d7cd7c867
[0m16:35:59.279169 [debug] [Thread-2 (]: Writing injected SQL for node "test.nyc_taxi_lakehouse.not_null_stg_yellow_trips_dropoff_at.5e7750f632"
[0m16:35:59.280131 [debug] [Thread-1 (]: Finished running node test.nyc_taxi_lakehouse.not_null_mart_daily_summary_total_revenue.9c16bd1d42
[0m16:35:59.280131 [debug] [Thread-3 (]: Began compiling node test.nyc_taxi_lakehouse.not_null_stg_yellow_trips_passenger_count.4ff8bf000d
[0m16:35:59.280131 [info ] [Thread-4 (]: 15 of 27 START test not_null_stg_yellow_trips_pickup_at ........................ [RUN]
[0m16:35:59.280131 [debug] [Thread-1 (]: Began running node test.nyc_taxi_lakehouse.not_null_stg_yellow_trips_total_amount.64a0bc33f6
[0m16:35:59.283760 [debug] [Thread-3 (]: Writing injected SQL for node "test.nyc_taxi_lakehouse.not_null_stg_yellow_trips_passenger_count.4ff8bf000d"
[0m16:35:59.283760 [debug] [Thread-4 (]: Re-using an available connection from the pool (formerly test.nyc_taxi_lakehouse.not_null_mart_daily_summary_total_trips.7b5c8cda1a, now test.nyc_taxi_lakehouse.not_null_stg_yellow_trips_pickup_at.8d7cd7c867)
[0m16:35:59.283760 [info ] [Thread-1 (]: 16 of 27 START test not_null_stg_yellow_trips_total_amount ..................... [RUN]
[0m16:35:59.283760 [debug] [Thread-4 (]: Began compiling node test.nyc_taxi_lakehouse.not_null_stg_yellow_trips_pickup_at.8d7cd7c867
[0m16:35:59.283760 [debug] [Thread-2 (]: Began executing node test.nyc_taxi_lakehouse.not_null_stg_yellow_trips_dropoff_at.5e7750f632
[0m16:35:59.283760 [debug] [Thread-1 (]: Re-using an available connection from the pool (formerly test.nyc_taxi_lakehouse.not_null_mart_daily_summary_total_revenue.9c16bd1d42, now test.nyc_taxi_lakehouse.not_null_stg_yellow_trips_total_amount.64a0bc33f6)
[0m16:35:59.293364 [debug] [Thread-4 (]: Writing injected SQL for node "test.nyc_taxi_lakehouse.not_null_stg_yellow_trips_pickup_at.8d7cd7c867"
[0m16:35:59.295364 [debug] [Thread-2 (]: Writing runtime sql for node "test.nyc_taxi_lakehouse.not_null_stg_yellow_trips_dropoff_at.5e7750f632"
[0m16:35:59.295364 [debug] [Thread-1 (]: Began compiling node test.nyc_taxi_lakehouse.not_null_stg_yellow_trips_total_amount.64a0bc33f6
[0m16:35:59.295364 [debug] [Thread-3 (]: Began executing node test.nyc_taxi_lakehouse.not_null_stg_yellow_trips_passenger_count.4ff8bf000d
[0m16:35:59.300639 [debug] [Thread-1 (]: Writing injected SQL for node "test.nyc_taxi_lakehouse.not_null_stg_yellow_trips_total_amount.64a0bc33f6"
[0m16:35:59.300639 [debug] [Thread-3 (]: Writing runtime sql for node "test.nyc_taxi_lakehouse.not_null_stg_yellow_trips_passenger_count.4ff8bf000d"
[0m16:35:59.300639 [debug] [Thread-4 (]: Began executing node test.nyc_taxi_lakehouse.not_null_stg_yellow_trips_pickup_at.8d7cd7c867
[0m16:35:59.300639 [debug] [Thread-4 (]: Writing runtime sql for node "test.nyc_taxi_lakehouse.not_null_stg_yellow_trips_pickup_at.8d7cd7c867"
[0m16:35:59.300639 [debug] [Thread-2 (]: Using duckdb connection "test.nyc_taxi_lakehouse.not_null_stg_yellow_trips_dropoff_at.5e7750f632"
[0m16:35:59.300639 [debug] [Thread-2 (]: On test.nyc_taxi_lakehouse.not_null_stg_yellow_trips_dropoff_at.5e7750f632: BEGIN
[0m16:35:59.300639 [debug] [Thread-2 (]: Opening a new connection, currently in state closed
[0m16:35:59.300639 [debug] [Thread-1 (]: Began executing node test.nyc_taxi_lakehouse.not_null_stg_yellow_trips_total_amount.64a0bc33f6
[0m16:35:59.300639 [debug] [Thread-1 (]: Writing runtime sql for node "test.nyc_taxi_lakehouse.not_null_stg_yellow_trips_total_amount.64a0bc33f6"
[0m16:35:59.315989 [debug] [Thread-4 (]: Using duckdb connection "test.nyc_taxi_lakehouse.not_null_stg_yellow_trips_pickup_at.8d7cd7c867"
[0m16:35:59.316690 [debug] [Thread-3 (]: Using duckdb connection "test.nyc_taxi_lakehouse.not_null_stg_yellow_trips_passenger_count.4ff8bf000d"
[0m16:35:59.317156 [debug] [Thread-4 (]: On test.nyc_taxi_lakehouse.not_null_stg_yellow_trips_pickup_at.8d7cd7c867: BEGIN
[0m16:35:59.317156 [debug] [Thread-3 (]: On test.nyc_taxi_lakehouse.not_null_stg_yellow_trips_passenger_count.4ff8bf000d: BEGIN
[0m16:35:59.317156 [debug] [Thread-4 (]: Opening a new connection, currently in state closed
[0m16:35:59.317156 [debug] [Thread-1 (]: Using duckdb connection "test.nyc_taxi_lakehouse.not_null_stg_yellow_trips_total_amount.64a0bc33f6"
[0m16:35:59.320117 [debug] [Thread-3 (]: Opening a new connection, currently in state closed
[0m16:35:59.320117 [debug] [Thread-1 (]: On test.nyc_taxi_lakehouse.not_null_stg_yellow_trips_total_amount.64a0bc33f6: BEGIN
[0m16:35:59.320117 [debug] [Thread-1 (]: Opening a new connection, currently in state closed
[0m16:35:59.320117 [debug] [Thread-2 (]: SQL status: OK in 0.012 seconds
[0m16:35:59.320117 [debug] [Thread-3 (]: SQL status: OK in 0.004 seconds
[0m16:35:59.320117 [debug] [Thread-2 (]: Using duckdb connection "test.nyc_taxi_lakehouse.not_null_stg_yellow_trips_dropoff_at.5e7750f632"
[0m16:35:59.320117 [debug] [Thread-1 (]: SQL status: OK in 0.003 seconds
[0m16:35:59.320117 [debug] [Thread-3 (]: Using duckdb connection "test.nyc_taxi_lakehouse.not_null_stg_yellow_trips_passenger_count.4ff8bf000d"
[0m16:35:59.320117 [debug] [Thread-4 (]: SQL status: OK in 0.007 seconds
[0m16:35:59.320117 [debug] [Thread-2 (]: On test.nyc_taxi_lakehouse.not_null_stg_yellow_trips_dropoff_at.5e7750f632: /* {"app": "dbt", "dbt_version": "1.8.9", "profile_name": "nyc_taxi_lakehouse", "target_name": "dev", "node_id": "test.nyc_taxi_lakehouse.not_null_stg_yellow_trips_dropoff_at.5e7750f632"} */

    select
      count(*) as failures,
      count(*) != 0 as should_warn,
      count(*) != 0 as should_error
    from (
      
    
  
    
    



select dropoff_at
from "nyc_taxi"."main_staging"."stg_yellow_trips"
where dropoff_at is null



  
  
      
    ) dbt_internal_test
[0m16:35:59.320117 [debug] [Thread-1 (]: Using duckdb connection "test.nyc_taxi_lakehouse.not_null_stg_yellow_trips_total_amount.64a0bc33f6"
[0m16:35:59.320117 [debug] [Thread-3 (]: On test.nyc_taxi_lakehouse.not_null_stg_yellow_trips_passenger_count.4ff8bf000d: /* {"app": "dbt", "dbt_version": "1.8.9", "profile_name": "nyc_taxi_lakehouse", "target_name": "dev", "node_id": "test.nyc_taxi_lakehouse.not_null_stg_yellow_trips_passenger_count.4ff8bf000d"} */

    select
      count(*) as failures,
      count(*) != 0 as should_warn,
      count(*) != 0 as should_error
    from (
      
    
  
    
    



select passenger_count
from "nyc_taxi"."main_staging"."stg_yellow_trips"
where passenger_count is null



  
  
      
    ) dbt_internal_test
[0m16:35:59.320117 [debug] [Thread-4 (]: Using duckdb connection "test.nyc_taxi_lakehouse.not_null_stg_yellow_trips_pickup_at.8d7cd7c867"
[0m16:35:59.320117 [debug] [Thread-1 (]: On test.nyc_taxi_lakehouse.not_null_stg_yellow_trips_total_amount.64a0bc33f6: /* {"app": "dbt", "dbt_version": "1.8.9", "profile_name": "nyc_taxi_lakehouse", "target_name": "dev", "node_id": "test.nyc_taxi_lakehouse.not_null_stg_yellow_trips_total_amount.64a0bc33f6"} */

    select
      count(*) as failures,
      count(*) != 0 as should_warn,
      count(*) != 0 as should_error
    from (
      
    
  
    
    



select total_amount
from "nyc_taxi"."main_staging"."stg_yellow_trips"
where total_amount is null



  
  
      
    ) dbt_internal_test
[0m16:35:59.320117 [debug] [Thread-4 (]: On test.nyc_taxi_lakehouse.not_null_stg_yellow_trips_pickup_at.8d7cd7c867: /* {"app": "dbt", "dbt_version": "1.8.9", "profile_name": "nyc_taxi_lakehouse", "target_name": "dev", "node_id": "test.nyc_taxi_lakehouse.not_null_stg_yellow_trips_pickup_at.8d7cd7c867"} */

    select
      count(*) as failures,
      count(*) != 0 as should_warn,
      count(*) != 0 as should_error
    from (
      
    
  
    
    



select pickup_at
from "nyc_taxi"."main_staging"."stg_yellow_trips"
where pickup_at is null



  
  
      
    ) dbt_internal_test
[0m16:35:59.320117 [debug] [Thread-2 (]: SQL status: OK in 0.002 seconds
[0m16:35:59.320117 [debug] [Thread-2 (]: On test.nyc_taxi_lakehouse.not_null_stg_yellow_trips_dropoff_at.5e7750f632: ROLLBACK
[0m16:35:59.320117 [debug] [Thread-2 (]: Failed to rollback 'test.nyc_taxi_lakehouse.not_null_stg_yellow_trips_dropoff_at.5e7750f632'
[0m16:35:59.332763 [debug] [Thread-2 (]: On test.nyc_taxi_lakehouse.not_null_stg_yellow_trips_dropoff_at.5e7750f632: Close
[0m16:35:59.333356 [debug] [Thread-3 (]: SQL status: OK in 0.005 seconds
[0m16:35:59.333761 [debug] [Thread-4 (]: SQL status: OK in 0.005 seconds
[0m16:35:59.333761 [info ] [Thread-2 (]: 13 of 27 PASS not_null_stg_yellow_trips_dropoff_at ............................. [[32mPASS[0m in 0.07s]
[0m16:35:59.333761 [debug] [Thread-1 (]: SQL status: OK in 0.006 seconds
[0m16:35:59.333761 [debug] [Thread-3 (]: On test.nyc_taxi_lakehouse.not_null_stg_yellow_trips_passenger_count.4ff8bf000d: ROLLBACK
[0m16:35:59.333761 [debug] [Thread-4 (]: On test.nyc_taxi_lakehouse.not_null_stg_yellow_trips_pickup_at.8d7cd7c867: ROLLBACK
[0m16:35:59.333761 [debug] [Thread-2 (]: Finished running node test.nyc_taxi_lakehouse.not_null_stg_yellow_trips_dropoff_at.5e7750f632
[0m16:35:59.333761 [debug] [Thread-1 (]: On test.nyc_taxi_lakehouse.not_null_stg_yellow_trips_total_amount.64a0bc33f6: ROLLBACK
[0m16:35:59.333761 [debug] [Thread-3 (]: Failed to rollback 'test.nyc_taxi_lakehouse.not_null_stg_yellow_trips_passenger_count.4ff8bf000d'
[0m16:35:59.333761 [debug] [Thread-2 (]: Began running node test.nyc_taxi_lakehouse.not_null_stg_yellow_trips_trip_distance.316bddbb0f
[0m16:35:59.333761 [debug] [Thread-4 (]: Failed to rollback 'test.nyc_taxi_lakehouse.not_null_stg_yellow_trips_pickup_at.8d7cd7c867'
[0m16:35:59.333761 [debug] [Thread-3 (]: On test.nyc_taxi_lakehouse.not_null_stg_yellow_trips_passenger_count.4ff8bf000d: Close
[0m16:35:59.333761 [debug] [Thread-1 (]: Failed to rollback 'test.nyc_taxi_lakehouse.not_null_stg_yellow_trips_total_amount.64a0bc33f6'
[0m16:35:59.333761 [info ] [Thread-2 (]: 17 of 27 START test not_null_stg_yellow_trips_trip_distance .................... [RUN]
[0m16:35:59.333761 [debug] [Thread-4 (]: On test.nyc_taxi_lakehouse.not_null_stg_yellow_trips_pickup_at.8d7cd7c867: Close
[0m16:35:59.333761 [debug] [Thread-1 (]: On test.nyc_taxi_lakehouse.not_null_stg_yellow_trips_total_amount.64a0bc33f6: Close
[0m16:35:59.333761 [info ] [Thread-3 (]: 14 of 27 PASS not_null_stg_yellow_trips_passenger_count ........................ [[32mPASS[0m in 0.06s]
[0m16:35:59.347446 [debug] [Thread-2 (]: Re-using an available connection from the pool (formerly test.nyc_taxi_lakehouse.not_null_stg_yellow_trips_dropoff_at.5e7750f632, now test.nyc_taxi_lakehouse.not_null_stg_yellow_trips_trip_distance.316bddbb0f)
[0m16:35:59.348456 [info ] [Thread-4 (]: 15 of 27 PASS not_null_stg_yellow_trips_pickup_at .............................. [[32mPASS[0m in 0.06s]
[0m16:35:59.349491 [debug] [Thread-3 (]: Finished running node test.nyc_taxi_lakehouse.not_null_stg_yellow_trips_passenger_count.4ff8bf000d
[0m16:35:59.349491 [debug] [Thread-2 (]: Began compiling node test.nyc_taxi_lakehouse.not_null_stg_yellow_trips_trip_distance.316bddbb0f
[0m16:35:59.350457 [debug] [Thread-4 (]: Finished running node test.nyc_taxi_lakehouse.not_null_stg_yellow_trips_pickup_at.8d7cd7c867
[0m16:35:59.351460 [debug] [Thread-3 (]: Began running node test.nyc_taxi_lakehouse.not_null_stg_yellow_trips_trip_duration_minutes.9e73cad885
[0m16:35:59.355457 [debug] [Thread-2 (]: Writing injected SQL for node "test.nyc_taxi_lakehouse.not_null_stg_yellow_trips_trip_distance.316bddbb0f"
[0m16:35:59.356787 [debug] [Thread-4 (]: Began running node test.nyc_taxi_lakehouse.not_null_stg_yellow_trips_vendor_id.5bb8ca4a57
[0m16:35:59.355457 [info ] [Thread-1 (]: 16 of 27 PASS not_null_stg_yellow_trips_total_amount ........................... [[32mPASS[0m in 0.07s]
[0m16:35:59.357798 [info ] [Thread-3 (]: 18 of 27 START test not_null_stg_yellow_trips_trip_duration_minutes ............ [RUN]
[0m16:35:59.357798 [info ] [Thread-4 (]: 19 of 27 START test not_null_stg_yellow_trips_vendor_id ........................ [RUN]
[0m16:35:59.358798 [debug] [Thread-1 (]: Finished running node test.nyc_taxi_lakehouse.not_null_stg_yellow_trips_total_amount.64a0bc33f6
[0m16:35:59.359800 [debug] [Thread-3 (]: Re-using an available connection from the pool (formerly test.nyc_taxi_lakehouse.not_null_stg_yellow_trips_passenger_count.4ff8bf000d, now test.nyc_taxi_lakehouse.not_null_stg_yellow_trips_trip_duration_minutes.9e73cad885)
[0m16:35:59.359800 [debug] [Thread-4 (]: Re-using an available connection from the pool (formerly test.nyc_taxi_lakehouse.not_null_stg_yellow_trips_pickup_at.8d7cd7c867, now test.nyc_taxi_lakehouse.not_null_stg_yellow_trips_vendor_id.5bb8ca4a57)
[0m16:35:59.360794 [debug] [Thread-2 (]: Began executing node test.nyc_taxi_lakehouse.not_null_stg_yellow_trips_trip_distance.316bddbb0f
[0m16:35:59.360794 [debug] [Thread-1 (]: Began running node test.nyc_taxi_lakehouse.source_not_null_trusted_yellow_tripdata_2023_01_passenger_count.fe392e1edf
[0m16:35:59.361809 [debug] [Thread-3 (]: Began compiling node test.nyc_taxi_lakehouse.not_null_stg_yellow_trips_trip_duration_minutes.9e73cad885
[0m16:35:59.361809 [debug] [Thread-4 (]: Began compiling node test.nyc_taxi_lakehouse.not_null_stg_yellow_trips_vendor_id.5bb8ca4a57
[0m16:35:59.361809 [debug] [Thread-2 (]: Writing runtime sql for node "test.nyc_taxi_lakehouse.not_null_stg_yellow_trips_trip_distance.316bddbb0f"
[0m16:35:59.370722 [debug] [Thread-3 (]: Writing injected SQL for node "test.nyc_taxi_lakehouse.not_null_stg_yellow_trips_trip_duration_minutes.9e73cad885"
[0m16:35:59.361809 [info ] [Thread-1 (]: 20 of 27 START test source_not_null_trusted_yellow_tripdata_2023_01_passenger_count  [RUN]
[0m16:35:59.373724 [debug] [Thread-4 (]: Writing injected SQL for node "test.nyc_taxi_lakehouse.not_null_stg_yellow_trips_vendor_id.5bb8ca4a57"
[0m16:35:59.373724 [debug] [Thread-1 (]: Re-using an available connection from the pool (formerly test.nyc_taxi_lakehouse.not_null_stg_yellow_trips_total_amount.64a0bc33f6, now test.nyc_taxi_lakehouse.source_not_null_trusted_yellow_tripdata_2023_01_passenger_count.fe392e1edf)
[0m16:35:59.373724 [debug] [Thread-1 (]: Began compiling node test.nyc_taxi_lakehouse.source_not_null_trusted_yellow_tripdata_2023_01_passenger_count.fe392e1edf
[0m16:35:59.373724 [debug] [Thread-1 (]: Writing injected SQL for node "test.nyc_taxi_lakehouse.source_not_null_trusted_yellow_tripdata_2023_01_passenger_count.fe392e1edf"
[0m16:35:59.373724 [debug] [Thread-2 (]: Using duckdb connection "test.nyc_taxi_lakehouse.not_null_stg_yellow_trips_trip_distance.316bddbb0f"
[0m16:35:59.373724 [debug] [Thread-2 (]: On test.nyc_taxi_lakehouse.not_null_stg_yellow_trips_trip_distance.316bddbb0f: BEGIN
[0m16:35:59.383383 [debug] [Thread-3 (]: Began executing node test.nyc_taxi_lakehouse.not_null_stg_yellow_trips_trip_duration_minutes.9e73cad885
[0m16:35:59.384377 [debug] [Thread-4 (]: Began executing node test.nyc_taxi_lakehouse.not_null_stg_yellow_trips_vendor_id.5bb8ca4a57
[0m16:35:59.384377 [debug] [Thread-2 (]: Opening a new connection, currently in state closed
[0m16:35:59.384377 [debug] [Thread-3 (]: Writing runtime sql for node "test.nyc_taxi_lakehouse.not_null_stg_yellow_trips_trip_duration_minutes.9e73cad885"
[0m16:35:59.384377 [debug] [Thread-4 (]: Writing runtime sql for node "test.nyc_taxi_lakehouse.not_null_stg_yellow_trips_vendor_id.5bb8ca4a57"
[0m16:35:59.384377 [debug] [Thread-1 (]: Began executing node test.nyc_taxi_lakehouse.source_not_null_trusted_yellow_tripdata_2023_01_passenger_count.fe392e1edf
[0m16:35:59.384377 [debug] [Thread-1 (]: Writing runtime sql for node "test.nyc_taxi_lakehouse.source_not_null_trusted_yellow_tripdata_2023_01_passenger_count.fe392e1edf"
[0m16:35:59.384377 [debug] [Thread-3 (]: Using duckdb connection "test.nyc_taxi_lakehouse.not_null_stg_yellow_trips_trip_duration_minutes.9e73cad885"
[0m16:35:59.384377 [debug] [Thread-3 (]: On test.nyc_taxi_lakehouse.not_null_stg_yellow_trips_trip_duration_minutes.9e73cad885: BEGIN
[0m16:35:59.384377 [debug] [Thread-3 (]: Opening a new connection, currently in state closed
[0m16:35:59.384377 [debug] [Thread-4 (]: Using duckdb connection "test.nyc_taxi_lakehouse.not_null_stg_yellow_trips_vendor_id.5bb8ca4a57"
[0m16:35:59.384377 [debug] [Thread-1 (]: Using duckdb connection "test.nyc_taxi_lakehouse.source_not_null_trusted_yellow_tripdata_2023_01_passenger_count.fe392e1edf"
[0m16:35:59.400088 [debug] [Thread-1 (]: On test.nyc_taxi_lakehouse.source_not_null_trusted_yellow_tripdata_2023_01_passenger_count.fe392e1edf: BEGIN
[0m16:35:59.401098 [debug] [Thread-1 (]: Opening a new connection, currently in state closed
[0m16:35:59.384377 [debug] [Thread-4 (]: On test.nyc_taxi_lakehouse.not_null_stg_yellow_trips_vendor_id.5bb8ca4a57: BEGIN
[0m16:35:59.402098 [debug] [Thread-2 (]: SQL status: OK in 0.017 seconds
[0m16:35:59.402098 [debug] [Thread-4 (]: Opening a new connection, currently in state closed
[0m16:35:59.403131 [debug] [Thread-3 (]: SQL status: OK in 0.006 seconds
[0m16:35:59.403131 [debug] [Thread-2 (]: Using duckdb connection "test.nyc_taxi_lakehouse.not_null_stg_yellow_trips_trip_distance.316bddbb0f"
[0m16:35:59.403131 [debug] [Thread-1 (]: SQL status: OK in 0.003 seconds
[0m16:35:59.404096 [debug] [Thread-3 (]: Using duckdb connection "test.nyc_taxi_lakehouse.not_null_stg_yellow_trips_trip_duration_minutes.9e73cad885"
[0m16:35:59.404096 [debug] [Thread-4 (]: SQL status: OK in 0.002 seconds
[0m16:35:59.405130 [debug] [Thread-2 (]: On test.nyc_taxi_lakehouse.not_null_stg_yellow_trips_trip_distance.316bddbb0f: /* {"app": "dbt", "dbt_version": "1.8.9", "profile_name": "nyc_taxi_lakehouse", "target_name": "dev", "node_id": "test.nyc_taxi_lakehouse.not_null_stg_yellow_trips_trip_distance.316bddbb0f"} */

    select
      count(*) as failures,
      count(*) != 0 as should_warn,
      count(*) != 0 as should_error
    from (
      
    
  
    
    



select trip_distance
from "nyc_taxi"."main_staging"."stg_yellow_trips"
where trip_distance is null



  
  
      
    ) dbt_internal_test
[0m16:35:59.405130 [debug] [Thread-1 (]: Using duckdb connection "test.nyc_taxi_lakehouse.source_not_null_trusted_yellow_tripdata_2023_01_passenger_count.fe392e1edf"
[0m16:35:59.406097 [debug] [Thread-3 (]: On test.nyc_taxi_lakehouse.not_null_stg_yellow_trips_trip_duration_minutes.9e73cad885: /* {"app": "dbt", "dbt_version": "1.8.9", "profile_name": "nyc_taxi_lakehouse", "target_name": "dev", "node_id": "test.nyc_taxi_lakehouse.not_null_stg_yellow_trips_trip_duration_minutes.9e73cad885"} */

    select
      count(*) as failures,
      count(*) != 0 as should_warn,
      count(*) != 0 as should_error
    from (
      
    
  
    
    



select trip_duration_minutes
from "nyc_taxi"."main_staging"."stg_yellow_trips"
where trip_duration_minutes is null



  
  
      
    ) dbt_internal_test
[0m16:35:59.406097 [debug] [Thread-4 (]: Using duckdb connection "test.nyc_taxi_lakehouse.not_null_stg_yellow_trips_vendor_id.5bb8ca4a57"
[0m16:35:59.406097 [debug] [Thread-1 (]: On test.nyc_taxi_lakehouse.source_not_null_trusted_yellow_tripdata_2023_01_passenger_count.fe392e1edf: /* {"app": "dbt", "dbt_version": "1.8.9", "profile_name": "nyc_taxi_lakehouse", "target_name": "dev", "node_id": "test.nyc_taxi_lakehouse.source_not_null_trusted_yellow_tripdata_2023_01_passenger_count.fe392e1edf"} */

    select
      count(*) as failures,
      count(*) != 0 as should_warn,
      count(*) != 0 as should_error
    from (
      
    
  
    
    



select passenger_count
from read_parquet('C:/Users/joaob/Downloads/nyc_taxi_lakehouse/data/trusted/yellow_tripdata_2023-01.parquet')
where passenger_count is null



  
  
      
    ) dbt_internal_test
[0m16:35:59.407100 [debug] [Thread-4 (]: On test.nyc_taxi_lakehouse.not_null_stg_yellow_trips_vendor_id.5bb8ca4a57: /* {"app": "dbt", "dbt_version": "1.8.9", "profile_name": "nyc_taxi_lakehouse", "target_name": "dev", "node_id": "test.nyc_taxi_lakehouse.not_null_stg_yellow_trips_vendor_id.5bb8ca4a57"} */

    select
      count(*) as failures,
      count(*) != 0 as should_warn,
      count(*) != 0 as should_error
    from (
      
    
  
    
    



select vendor_id
from "nyc_taxi"."main_staging"."stg_yellow_trips"
where vendor_id is null



  
  
      
    ) dbt_internal_test
[0m16:35:59.408099 [debug] [Thread-2 (]: SQL status: OK in 0.002 seconds
[0m16:35:59.410097 [debug] [Thread-2 (]: On test.nyc_taxi_lakehouse.not_null_stg_yellow_trips_trip_distance.316bddbb0f: ROLLBACK
[0m16:35:59.410097 [debug] [Thread-1 (]: SQL status: OK in 0.003 seconds
[0m16:35:59.411099 [debug] [Thread-2 (]: Failed to rollback 'test.nyc_taxi_lakehouse.not_null_stg_yellow_trips_trip_distance.316bddbb0f'
[0m16:35:59.412100 [debug] [Thread-4 (]: SQL status: OK in 0.004 seconds
[0m16:35:59.412100 [debug] [Thread-2 (]: On test.nyc_taxi_lakehouse.not_null_stg_yellow_trips_trip_distance.316bddbb0f: Close
[0m16:35:59.413099 [debug] [Thread-1 (]: On test.nyc_taxi_lakehouse.source_not_null_trusted_yellow_tripdata_2023_01_passenger_count.fe392e1edf: ROLLBACK
[0m16:35:59.414099 [debug] [Thread-3 (]: SQL status: OK in 0.007 seconds
[0m16:35:59.415099 [debug] [Thread-4 (]: On test.nyc_taxi_lakehouse.not_null_stg_yellow_trips_vendor_id.5bb8ca4a57: ROLLBACK
[0m16:35:59.416095 [info ] [Thread-2 (]: 17 of 27 PASS not_null_stg_yellow_trips_trip_distance .......................... [[32mPASS[0m in 0.07s]
[0m16:35:59.416903 [debug] [Thread-1 (]: Failed to rollback 'test.nyc_taxi_lakehouse.source_not_null_trusted_yellow_tripdata_2023_01_passenger_count.fe392e1edf'
[0m16:35:59.419002 [debug] [Thread-3 (]: On test.nyc_taxi_lakehouse.not_null_stg_yellow_trips_trip_duration_minutes.9e73cad885: ROLLBACK
[0m16:35:59.419964 [debug] [Thread-4 (]: Failed to rollback 'test.nyc_taxi_lakehouse.not_null_stg_yellow_trips_vendor_id.5bb8ca4a57'
[0m16:35:59.419964 [debug] [Thread-2 (]: Finished running node test.nyc_taxi_lakehouse.not_null_stg_yellow_trips_trip_distance.316bddbb0f
[0m16:35:59.420963 [debug] [Thread-1 (]: On test.nyc_taxi_lakehouse.source_not_null_trusted_yellow_tripdata_2023_01_passenger_count.fe392e1edf: Close
[0m16:35:59.420963 [debug] [Thread-3 (]: Failed to rollback 'test.nyc_taxi_lakehouse.not_null_stg_yellow_trips_trip_duration_minutes.9e73cad885'
[0m16:35:59.422002 [debug] [Thread-4 (]: On test.nyc_taxi_lakehouse.not_null_stg_yellow_trips_vendor_id.5bb8ca4a57: Close
[0m16:35:59.422002 [debug] [Thread-2 (]: Began running node test.nyc_taxi_lakehouse.source_not_null_trusted_yellow_tripdata_2023_01_total_amount.21419489f1
[0m16:35:59.422999 [debug] [Thread-3 (]: On test.nyc_taxi_lakehouse.not_null_stg_yellow_trips_trip_duration_minutes.9e73cad885: Close
[0m16:35:59.422999 [info ] [Thread-1 (]: 20 of 27 PASS source_not_null_trusted_yellow_tripdata_2023_01_passenger_count .. [[32mPASS[0m in 0.05s]
[0m16:35:59.423968 [info ] [Thread-2 (]: 21 of 27 START test source_not_null_trusted_yellow_tripdata_2023_01_total_amount  [RUN]
[0m16:35:59.424895 [info ] [Thread-4 (]: 19 of 27 PASS not_null_stg_yellow_trips_vendor_id .............................. [[32mPASS[0m in 0.06s]
[0m16:35:59.425965 [debug] [Thread-1 (]: Finished running node test.nyc_taxi_lakehouse.source_not_null_trusted_yellow_tripdata_2023_01_passenger_count.fe392e1edf
[0m16:35:59.425965 [debug] [Thread-2 (]: Re-using an available connection from the pool (formerly test.nyc_taxi_lakehouse.not_null_stg_yellow_trips_trip_distance.316bddbb0f, now test.nyc_taxi_lakehouse.source_not_null_trusted_yellow_tripdata_2023_01_total_amount.21419489f1)
[0m16:35:59.426961 [debug] [Thread-4 (]: Finished running node test.nyc_taxi_lakehouse.not_null_stg_yellow_trips_vendor_id.5bb8ca4a57
[0m16:35:59.426961 [debug] [Thread-1 (]: Began running node test.nyc_taxi_lakehouse.source_not_null_trusted_yellow_tripdata_2023_01_tpep_dropoff_datetime.5f54ee32e9
[0m16:35:59.427997 [debug] [Thread-2 (]: Began compiling node test.nyc_taxi_lakehouse.source_not_null_trusted_yellow_tripdata_2023_01_total_amount.21419489f1
[0m16:35:59.427997 [info ] [Thread-3 (]: 18 of 27 PASS not_null_stg_yellow_trips_trip_duration_minutes .................. [[32mPASS[0m in 0.07s]
[0m16:35:59.428962 [debug] [Thread-4 (]: Began running node test.nyc_taxi_lakehouse.source_not_null_trusted_yellow_tripdata_2023_01_tpep_pickup_datetime.ac92b7323f
[0m16:35:59.434171 [debug] [Thread-2 (]: Writing injected SQL for node "test.nyc_taxi_lakehouse.source_not_null_trusted_yellow_tripdata_2023_01_total_amount.21419489f1"
[0m16:35:59.429962 [info ] [Thread-1 (]: 22 of 27 START test source_not_null_trusted_yellow_tripdata_2023_01_tpep_dropoff_datetime  [RUN]
[0m16:35:59.435233 [debug] [Thread-3 (]: Finished running node test.nyc_taxi_lakehouse.not_null_stg_yellow_trips_trip_duration_minutes.9e73cad885
[0m16:35:59.435233 [info ] [Thread-4 (]: 23 of 27 START test source_not_null_trusted_yellow_tripdata_2023_01_tpep_pickup_datetime  [RUN]
[0m16:35:59.436532 [debug] [Thread-1 (]: Re-using an available connection from the pool (formerly test.nyc_taxi_lakehouse.source_not_null_trusted_yellow_tripdata_2023_01_passenger_count.fe392e1edf, now test.nyc_taxi_lakehouse.source_not_null_trusted_yellow_tripdata_2023_01_tpep_dropoff_datetime.5f54ee32e9)
[0m16:35:59.437533 [debug] [Thread-3 (]: Began running node test.nyc_taxi_lakehouse.source_not_null_trusted_yellow_tripdata_2023_01_trip_distance.793da3e67d
[0m16:35:59.437533 [debug] [Thread-4 (]: Re-using an available connection from the pool (formerly test.nyc_taxi_lakehouse.not_null_stg_yellow_trips_vendor_id.5bb8ca4a57, now test.nyc_taxi_lakehouse.source_not_null_trusted_yellow_tripdata_2023_01_tpep_pickup_datetime.ac92b7323f)
[0m16:35:59.438532 [debug] [Thread-1 (]: Began compiling node test.nyc_taxi_lakehouse.source_not_null_trusted_yellow_tripdata_2023_01_tpep_dropoff_datetime.5f54ee32e9
[0m16:35:59.438532 [info ] [Thread-3 (]: 24 of 27 START test source_not_null_trusted_yellow_tripdata_2023_01_trip_distance  [RUN]
[0m16:35:59.439838 [debug] [Thread-4 (]: Began compiling node test.nyc_taxi_lakehouse.source_not_null_trusted_yellow_tripdata_2023_01_tpep_pickup_datetime.ac92b7323f
[0m16:35:59.445618 [debug] [Thread-1 (]: Writing injected SQL for node "test.nyc_taxi_lakehouse.source_not_null_trusted_yellow_tripdata_2023_01_tpep_dropoff_datetime.5f54ee32e9"
[0m16:35:59.445618 [debug] [Thread-2 (]: Began executing node test.nyc_taxi_lakehouse.source_not_null_trusted_yellow_tripdata_2023_01_total_amount.21419489f1
[0m16:35:59.445618 [debug] [Thread-3 (]: Re-using an available connection from the pool (formerly test.nyc_taxi_lakehouse.not_null_stg_yellow_trips_trip_duration_minutes.9e73cad885, now test.nyc_taxi_lakehouse.source_not_null_trusted_yellow_tripdata_2023_01_trip_distance.793da3e67d)
[0m16:35:59.452123 [debug] [Thread-4 (]: Writing injected SQL for node "test.nyc_taxi_lakehouse.source_not_null_trusted_yellow_tripdata_2023_01_tpep_pickup_datetime.ac92b7323f"
[0m16:35:59.455423 [debug] [Thread-2 (]: Writing runtime sql for node "test.nyc_taxi_lakehouse.source_not_null_trusted_yellow_tripdata_2023_01_total_amount.21419489f1"
[0m16:35:59.455423 [debug] [Thread-3 (]: Began compiling node test.nyc_taxi_lakehouse.source_not_null_trusted_yellow_tripdata_2023_01_trip_distance.793da3e67d
[0m16:35:59.460838 [debug] [Thread-3 (]: Writing injected SQL for node "test.nyc_taxi_lakehouse.source_not_null_trusted_yellow_tripdata_2023_01_trip_distance.793da3e67d"
[0m16:35:59.461845 [debug] [Thread-4 (]: Began executing node test.nyc_taxi_lakehouse.source_not_null_trusted_yellow_tripdata_2023_01_tpep_pickup_datetime.ac92b7323f
[0m16:35:59.461845 [debug] [Thread-1 (]: Began executing node test.nyc_taxi_lakehouse.source_not_null_trusted_yellow_tripdata_2023_01_tpep_dropoff_datetime.5f54ee32e9
[0m16:35:59.463915 [debug] [Thread-4 (]: Writing runtime sql for node "test.nyc_taxi_lakehouse.source_not_null_trusted_yellow_tripdata_2023_01_tpep_pickup_datetime.ac92b7323f"
[0m16:35:59.468782 [debug] [Thread-1 (]: Writing runtime sql for node "test.nyc_taxi_lakehouse.source_not_null_trusted_yellow_tripdata_2023_01_tpep_dropoff_datetime.5f54ee32e9"
[0m16:35:59.469785 [debug] [Thread-2 (]: Using duckdb connection "test.nyc_taxi_lakehouse.source_not_null_trusted_yellow_tripdata_2023_01_total_amount.21419489f1"
[0m16:35:59.470783 [debug] [Thread-3 (]: Began executing node test.nyc_taxi_lakehouse.source_not_null_trusted_yellow_tripdata_2023_01_trip_distance.793da3e67d
[0m16:35:59.470783 [debug] [Thread-2 (]: On test.nyc_taxi_lakehouse.source_not_null_trusted_yellow_tripdata_2023_01_total_amount.21419489f1: BEGIN
[0m16:35:59.473783 [debug] [Thread-3 (]: Writing runtime sql for node "test.nyc_taxi_lakehouse.source_not_null_trusted_yellow_tripdata_2023_01_trip_distance.793da3e67d"
[0m16:35:59.473783 [debug] [Thread-2 (]: Opening a new connection, currently in state closed
[0m16:35:59.473783 [debug] [Thread-4 (]: Using duckdb connection "test.nyc_taxi_lakehouse.source_not_null_trusted_yellow_tripdata_2023_01_tpep_pickup_datetime.ac92b7323f"
[0m16:35:59.473783 [debug] [Thread-4 (]: On test.nyc_taxi_lakehouse.source_not_null_trusted_yellow_tripdata_2023_01_tpep_pickup_datetime.ac92b7323f: BEGIN
[0m16:35:59.473783 [debug] [Thread-4 (]: Opening a new connection, currently in state closed
[0m16:35:59.473783 [debug] [Thread-1 (]: Using duckdb connection "test.nyc_taxi_lakehouse.source_not_null_trusted_yellow_tripdata_2023_01_tpep_dropoff_datetime.5f54ee32e9"
[0m16:35:59.473783 [debug] [Thread-1 (]: On test.nyc_taxi_lakehouse.source_not_null_trusted_yellow_tripdata_2023_01_tpep_dropoff_datetime.5f54ee32e9: BEGIN
[0m16:35:59.473783 [debug] [Thread-1 (]: Opening a new connection, currently in state closed
[0m16:35:59.473783 [debug] [Thread-3 (]: Using duckdb connection "test.nyc_taxi_lakehouse.source_not_null_trusted_yellow_tripdata_2023_01_trip_distance.793da3e67d"
[0m16:35:59.473783 [debug] [Thread-3 (]: On test.nyc_taxi_lakehouse.source_not_null_trusted_yellow_tripdata_2023_01_trip_distance.793da3e67d: BEGIN
[0m16:35:59.481086 [debug] [Thread-3 (]: Opening a new connection, currently in state closed
[0m16:35:59.484339 [debug] [Thread-2 (]: SQL status: OK in 0.011 seconds
[0m16:35:59.484339 [debug] [Thread-2 (]: Using duckdb connection "test.nyc_taxi_lakehouse.source_not_null_trusted_yellow_tripdata_2023_01_total_amount.21419489f1"
[0m16:35:59.484339 [debug] [Thread-2 (]: On test.nyc_taxi_lakehouse.source_not_null_trusted_yellow_tripdata_2023_01_total_amount.21419489f1: /* {"app": "dbt", "dbt_version": "1.8.9", "profile_name": "nyc_taxi_lakehouse", "target_name": "dev", "node_id": "test.nyc_taxi_lakehouse.source_not_null_trusted_yellow_tripdata_2023_01_total_amount.21419489f1"} */

    select
      count(*) as failures,
      count(*) != 0 as should_warn,
      count(*) != 0 as should_error
    from (
      
    
  
    
    



select total_amount
from read_parquet('C:/Users/joaob/Downloads/nyc_taxi_lakehouse/data/trusted/yellow_tripdata_2023-01.parquet')
where total_amount is null



  
  
      
    ) dbt_internal_test
[0m16:35:59.484339 [debug] [Thread-4 (]: SQL status: OK in 0.010 seconds
[0m16:35:59.484339 [debug] [Thread-3 (]: SQL status: OK in 0.007 seconds
[0m16:35:59.484339 [debug] [Thread-4 (]: Using duckdb connection "test.nyc_taxi_lakehouse.source_not_null_trusted_yellow_tripdata_2023_01_tpep_pickup_datetime.ac92b7323f"
[0m16:35:59.484339 [debug] [Thread-1 (]: SQL status: OK in 0.010 seconds
[0m16:35:59.484339 [debug] [Thread-3 (]: Using duckdb connection "test.nyc_taxi_lakehouse.source_not_null_trusted_yellow_tripdata_2023_01_trip_distance.793da3e67d"
[0m16:35:59.484339 [debug] [Thread-2 (]: SQL status: OK in 0.002 seconds
[0m16:35:59.484339 [debug] [Thread-4 (]: On test.nyc_taxi_lakehouse.source_not_null_trusted_yellow_tripdata_2023_01_tpep_pickup_datetime.ac92b7323f: /* {"app": "dbt", "dbt_version": "1.8.9", "profile_name": "nyc_taxi_lakehouse", "target_name": "dev", "node_id": "test.nyc_taxi_lakehouse.source_not_null_trusted_yellow_tripdata_2023_01_tpep_pickup_datetime.ac92b7323f"} */

    select
      count(*) as failures,
      count(*) != 0 as should_warn,
      count(*) != 0 as should_error
    from (
      
    
  
    
    



select tpep_pickup_datetime
from read_parquet('C:/Users/joaob/Downloads/nyc_taxi_lakehouse/data/trusted/yellow_tripdata_2023-01.parquet')
where tpep_pickup_datetime is null



  
  
      
    ) dbt_internal_test
[0m16:35:59.484339 [debug] [Thread-1 (]: Using duckdb connection "test.nyc_taxi_lakehouse.source_not_null_trusted_yellow_tripdata_2023_01_tpep_dropoff_datetime.5f54ee32e9"
[0m16:35:59.484339 [debug] [Thread-3 (]: On test.nyc_taxi_lakehouse.source_not_null_trusted_yellow_tripdata_2023_01_trip_distance.793da3e67d: /* {"app": "dbt", "dbt_version": "1.8.9", "profile_name": "nyc_taxi_lakehouse", "target_name": "dev", "node_id": "test.nyc_taxi_lakehouse.source_not_null_trusted_yellow_tripdata_2023_01_trip_distance.793da3e67d"} */

    select
      count(*) as failures,
      count(*) != 0 as should_warn,
      count(*) != 0 as should_error
    from (
      
    
  
    
    



select trip_distance
from read_parquet('C:/Users/joaob/Downloads/nyc_taxi_lakehouse/data/trusted/yellow_tripdata_2023-01.parquet')
where trip_distance is null



  
  
      
    ) dbt_internal_test
[0m16:35:59.484339 [debug] [Thread-2 (]: On test.nyc_taxi_lakehouse.source_not_null_trusted_yellow_tripdata_2023_01_total_amount.21419489f1: ROLLBACK
[0m16:35:59.484339 [debug] [Thread-1 (]: On test.nyc_taxi_lakehouse.source_not_null_trusted_yellow_tripdata_2023_01_tpep_dropoff_datetime.5f54ee32e9: /* {"app": "dbt", "dbt_version": "1.8.9", "profile_name": "nyc_taxi_lakehouse", "target_name": "dev", "node_id": "test.nyc_taxi_lakehouse.source_not_null_trusted_yellow_tripdata_2023_01_tpep_dropoff_datetime.5f54ee32e9"} */

    select
      count(*) as failures,
      count(*) != 0 as should_warn,
      count(*) != 0 as should_error
    from (
      
    
  
    
    



select tpep_dropoff_datetime
from read_parquet('C:/Users/joaob/Downloads/nyc_taxi_lakehouse/data/trusted/yellow_tripdata_2023-01.parquet')
where tpep_dropoff_datetime is null



  
  
      
    ) dbt_internal_test
[0m16:35:59.484339 [debug] [Thread-4 (]: SQL status: OK in 0.002 seconds
[0m16:35:59.484339 [debug] [Thread-2 (]: Failed to rollback 'test.nyc_taxi_lakehouse.source_not_null_trusted_yellow_tripdata_2023_01_total_amount.21419489f1'
[0m16:35:59.496170 [debug] [Thread-4 (]: On test.nyc_taxi_lakehouse.source_not_null_trusted_yellow_tripdata_2023_01_tpep_pickup_datetime.ac92b7323f: ROLLBACK
[0m16:35:59.496170 [debug] [Thread-2 (]: On test.nyc_taxi_lakehouse.source_not_null_trusted_yellow_tripdata_2023_01_total_amount.21419489f1: Close
[0m16:35:59.496170 [debug] [Thread-3 (]: SQL status: OK in 0.003 seconds
[0m16:35:59.498180 [debug] [Thread-1 (]: SQL status: OK in 0.004 seconds
[0m16:35:59.499185 [debug] [Thread-4 (]: Failed to rollback 'test.nyc_taxi_lakehouse.source_not_null_trusted_yellow_tripdata_2023_01_tpep_pickup_datetime.ac92b7323f'
[0m16:35:59.500091 [info ] [Thread-2 (]: 21 of 27 PASS source_not_null_trusted_yellow_tripdata_2023_01_total_amount ..... [[32mPASS[0m in 0.07s]
[0m16:35:59.501815 [debug] [Thread-3 (]: On test.nyc_taxi_lakehouse.source_not_null_trusted_yellow_tripdata_2023_01_trip_distance.793da3e67d: ROLLBACK
[0m16:35:59.501815 [debug] [Thread-4 (]: On test.nyc_taxi_lakehouse.source_not_null_trusted_yellow_tripdata_2023_01_tpep_pickup_datetime.ac92b7323f: Close
[0m16:35:59.502815 [debug] [Thread-1 (]: On test.nyc_taxi_lakehouse.source_not_null_trusted_yellow_tripdata_2023_01_tpep_dropoff_datetime.5f54ee32e9: ROLLBACK
[0m16:35:59.503815 [debug] [Thread-2 (]: Finished running node test.nyc_taxi_lakehouse.source_not_null_trusted_yellow_tripdata_2023_01_total_amount.21419489f1
[0m16:35:59.504815 [debug] [Thread-3 (]: Failed to rollback 'test.nyc_taxi_lakehouse.source_not_null_trusted_yellow_tripdata_2023_01_trip_distance.793da3e67d'
[0m16:35:59.506814 [debug] [Thread-1 (]: Failed to rollback 'test.nyc_taxi_lakehouse.source_not_null_trusted_yellow_tripdata_2023_01_tpep_dropoff_datetime.5f54ee32e9'
[0m16:35:59.505813 [info ] [Thread-4 (]: 23 of 27 PASS source_not_null_trusted_yellow_tripdata_2023_01_tpep_pickup_datetime  [[32mPASS[0m in 0.07s]
[0m16:35:59.506814 [debug] [Thread-2 (]: Began running node test.nyc_taxi_lakehouse.source_not_null_trusted_yellow_tripdata_2023_01_trip_duration_minutes.9b18789060
[0m16:35:59.507816 [debug] [Thread-3 (]: On test.nyc_taxi_lakehouse.source_not_null_trusted_yellow_tripdata_2023_01_trip_distance.793da3e67d: Close
[0m16:35:59.507816 [debug] [Thread-1 (]: On test.nyc_taxi_lakehouse.source_not_null_trusted_yellow_tripdata_2023_01_tpep_dropoff_datetime.5f54ee32e9: Close
[0m16:35:59.508810 [debug] [Thread-4 (]: Finished running node test.nyc_taxi_lakehouse.source_not_null_trusted_yellow_tripdata_2023_01_tpep_pickup_datetime.ac92b7323f
[0m16:35:59.508810 [info ] [Thread-2 (]: 25 of 27 START test source_not_null_trusted_yellow_tripdata_2023_01_trip_duration_minutes  [RUN]
[0m16:35:59.509813 [info ] [Thread-3 (]: 24 of 27 PASS source_not_null_trusted_yellow_tripdata_2023_01_trip_distance .... [[32mPASS[0m in 0.06s]
[0m16:35:59.510810 [debug] [Thread-4 (]: Began running node test.nyc_taxi_lakehouse.unique_fct_trips_trip_id.9b74cb6aab
[0m16:35:59.510810 [debug] [Thread-2 (]: Re-using an available connection from the pool (formerly test.nyc_taxi_lakehouse.source_not_null_trusted_yellow_tripdata_2023_01_total_amount.21419489f1, now test.nyc_taxi_lakehouse.source_not_null_trusted_yellow_tripdata_2023_01_trip_duration_minutes.9b18789060)
[0m16:35:59.511813 [debug] [Thread-3 (]: Finished running node test.nyc_taxi_lakehouse.source_not_null_trusted_yellow_tripdata_2023_01_trip_distance.793da3e67d
[0m16:35:59.511813 [info ] [Thread-4 (]: 26 of 27 START test unique_fct_trips_trip_id ................................... [RUN]
[0m16:35:59.512815 [debug] [Thread-2 (]: Began compiling node test.nyc_taxi_lakehouse.source_not_null_trusted_yellow_tripdata_2023_01_trip_duration_minutes.9b18789060
[0m16:35:59.512815 [info ] [Thread-1 (]: 22 of 27 PASS source_not_null_trusted_yellow_tripdata_2023_01_tpep_dropoff_datetime  [[32mPASS[0m in 0.08s]
[0m16:35:59.513845 [debug] [Thread-3 (]: Began running node test.nyc_taxi_lakehouse.unique_mart_daily_summary_pickup_date.fda92ebf69
[0m16:35:59.514812 [debug] [Thread-4 (]: Re-using an available connection from the pool (formerly test.nyc_taxi_lakehouse.source_not_null_trusted_yellow_tripdata_2023_01_tpep_pickup_datetime.ac92b7323f, now test.nyc_taxi_lakehouse.unique_fct_trips_trip_id.9b74cb6aab)
[0m16:35:59.519810 [debug] [Thread-2 (]: Writing injected SQL for node "test.nyc_taxi_lakehouse.source_not_null_trusted_yellow_tripdata_2023_01_trip_duration_minutes.9b18789060"
[0m16:35:59.520818 [debug] [Thread-1 (]: Finished running node test.nyc_taxi_lakehouse.source_not_null_trusted_yellow_tripdata_2023_01_tpep_dropoff_datetime.5f54ee32e9
[0m16:35:59.521813 [debug] [Thread-4 (]: Began compiling node test.nyc_taxi_lakehouse.unique_fct_trips_trip_id.9b74cb6aab
[0m16:35:59.520818 [info ] [Thread-3 (]: 27 of 27 START test unique_mart_daily_summary_pickup_date ...................... [RUN]
[0m16:35:59.522404 [debug] [Thread-4 (]: Writing injected SQL for node "test.nyc_taxi_lakehouse.unique_fct_trips_trip_id.9b74cb6aab"
[0m16:35:59.522404 [debug] [Thread-3 (]: Re-using an available connection from the pool (formerly test.nyc_taxi_lakehouse.source_not_null_trusted_yellow_tripdata_2023_01_trip_distance.793da3e67d, now test.nyc_taxi_lakehouse.unique_mart_daily_summary_pickup_date.fda92ebf69)
[0m16:35:59.522404 [debug] [Thread-3 (]: Began compiling node test.nyc_taxi_lakehouse.unique_mart_daily_summary_pickup_date.fda92ebf69
[0m16:35:59.533498 [debug] [Thread-3 (]: Writing injected SQL for node "test.nyc_taxi_lakehouse.unique_mart_daily_summary_pickup_date.fda92ebf69"
[0m16:35:59.534498 [debug] [Thread-2 (]: Began executing node test.nyc_taxi_lakehouse.source_not_null_trusted_yellow_tripdata_2023_01_trip_duration_minutes.9b18789060
[0m16:35:59.539135 [debug] [Thread-2 (]: Writing runtime sql for node "test.nyc_taxi_lakehouse.source_not_null_trusted_yellow_tripdata_2023_01_trip_duration_minutes.9b18789060"
[0m16:35:59.540140 [debug] [Thread-4 (]: Began executing node test.nyc_taxi_lakehouse.unique_fct_trips_trip_id.9b74cb6aab
[0m16:35:59.541143 [debug] [Thread-4 (]: Writing runtime sql for node "test.nyc_taxi_lakehouse.unique_fct_trips_trip_id.9b74cb6aab"
[0m16:35:59.541143 [debug] [Thread-3 (]: Began executing node test.nyc_taxi_lakehouse.unique_mart_daily_summary_pickup_date.fda92ebf69
[0m16:35:59.541143 [debug] [Thread-3 (]: Writing runtime sql for node "test.nyc_taxi_lakehouse.unique_mart_daily_summary_pickup_date.fda92ebf69"
[0m16:35:59.541143 [debug] [Thread-4 (]: Using duckdb connection "test.nyc_taxi_lakehouse.unique_fct_trips_trip_id.9b74cb6aab"
[0m16:35:59.541143 [debug] [Thread-4 (]: On test.nyc_taxi_lakehouse.unique_fct_trips_trip_id.9b74cb6aab: BEGIN
[0m16:35:59.541143 [debug] [Thread-4 (]: Opening a new connection, currently in state closed
[0m16:35:59.541143 [debug] [Thread-2 (]: Using duckdb connection "test.nyc_taxi_lakehouse.source_not_null_trusted_yellow_tripdata_2023_01_trip_duration_minutes.9b18789060"
[0m16:35:59.541143 [debug] [Thread-2 (]: On test.nyc_taxi_lakehouse.source_not_null_trusted_yellow_tripdata_2023_01_trip_duration_minutes.9b18789060: BEGIN
[0m16:35:59.541143 [debug] [Thread-2 (]: Opening a new connection, currently in state closed
[0m16:35:59.550116 [debug] [Thread-3 (]: Using duckdb connection "test.nyc_taxi_lakehouse.unique_mart_daily_summary_pickup_date.fda92ebf69"
[0m16:35:59.551127 [debug] [Thread-3 (]: On test.nyc_taxi_lakehouse.unique_mart_daily_summary_pickup_date.fda92ebf69: BEGIN
[0m16:35:59.551127 [debug] [Thread-3 (]: Opening a new connection, currently in state closed
[0m16:35:59.556013 [debug] [Thread-4 (]: SQL status: OK in 0.010 seconds
[0m16:35:59.556013 [debug] [Thread-4 (]: Using duckdb connection "test.nyc_taxi_lakehouse.unique_fct_trips_trip_id.9b74cb6aab"
[0m16:35:59.556013 [debug] [Thread-4 (]: On test.nyc_taxi_lakehouse.unique_fct_trips_trip_id.9b74cb6aab: /* {"app": "dbt", "dbt_version": "1.8.9", "profile_name": "nyc_taxi_lakehouse", "target_name": "dev", "node_id": "test.nyc_taxi_lakehouse.unique_fct_trips_trip_id.9b74cb6aab"} */

    select
      count(*) as failures,
      count(*) != 0 as should_warn,
      count(*) != 0 as should_error
    from (
      
    
  
    
    

select
    trip_id as unique_field,
    count(*) as n_records

from "nyc_taxi"."main_marts"."fct_trips"
where trip_id is not null
group by trip_id
having count(*) > 1



  
  
      
    ) dbt_internal_test
[0m16:35:59.556013 [debug] [Thread-3 (]: SQL status: OK in 0.008 seconds
[0m16:35:59.556013 [debug] [Thread-3 (]: Using duckdb connection "test.nyc_taxi_lakehouse.unique_mart_daily_summary_pickup_date.fda92ebf69"
[0m16:35:59.556013 [debug] [Thread-3 (]: On test.nyc_taxi_lakehouse.unique_mart_daily_summary_pickup_date.fda92ebf69: /* {"app": "dbt", "dbt_version": "1.8.9", "profile_name": "nyc_taxi_lakehouse", "target_name": "dev", "node_id": "test.nyc_taxi_lakehouse.unique_mart_daily_summary_pickup_date.fda92ebf69"} */

    select
      count(*) as failures,
      count(*) != 0 as should_warn,
      count(*) != 0 as should_error
    from (
      
    
  
    
    

select
    pickup_date as unique_field,
    count(*) as n_records

from "nyc_taxi"."main_marts"."mart_daily_summary"
where pickup_date is not null
group by pickup_date
having count(*) > 1



  
  
      
    ) dbt_internal_test
[0m16:35:59.556013 [debug] [Thread-2 (]: SQL status: OK in 0.011 seconds
[0m16:35:59.556013 [debug] [Thread-2 (]: Using duckdb connection "test.nyc_taxi_lakehouse.source_not_null_trusted_yellow_tripdata_2023_01_trip_duration_minutes.9b18789060"
[0m16:35:59.556013 [debug] [Thread-2 (]: On test.nyc_taxi_lakehouse.source_not_null_trusted_yellow_tripdata_2023_01_trip_duration_minutes.9b18789060: /* {"app": "dbt", "dbt_version": "1.8.9", "profile_name": "nyc_taxi_lakehouse", "target_name": "dev", "node_id": "test.nyc_taxi_lakehouse.source_not_null_trusted_yellow_tripdata_2023_01_trip_duration_minutes.9b18789060"} */

    select
      count(*) as failures,
      count(*) != 0 as should_warn,
      count(*) != 0 as should_error
    from (
      
    
  
    
    



select trip_duration_minutes
from read_parquet('C:/Users/joaob/Downloads/nyc_taxi_lakehouse/data/trusted/yellow_tripdata_2023-01.parquet')
where trip_duration_minutes is null



  
  
      
    ) dbt_internal_test
[0m16:35:59.564856 [debug] [Thread-2 (]: SQL status: OK in 0.002 seconds
[0m16:35:59.567884 [debug] [Thread-2 (]: On test.nyc_taxi_lakehouse.source_not_null_trusted_yellow_tripdata_2023_01_trip_duration_minutes.9b18789060: ROLLBACK
[0m16:35:59.570695 [debug] [Thread-2 (]: Failed to rollback 'test.nyc_taxi_lakehouse.source_not_null_trusted_yellow_tripdata_2023_01_trip_duration_minutes.9b18789060'
[0m16:35:59.572709 [debug] [Thread-2 (]: On test.nyc_taxi_lakehouse.source_not_null_trusted_yellow_tripdata_2023_01_trip_duration_minutes.9b18789060: Close
[0m16:35:59.572709 [debug] [Thread-3 (]: SQL status: OK in 0.013 seconds
[0m16:35:59.578765 [debug] [Thread-3 (]: On test.nyc_taxi_lakehouse.unique_mart_daily_summary_pickup_date.fda92ebf69: ROLLBACK
[0m16:35:59.580777 [debug] [Thread-3 (]: Failed to rollback 'test.nyc_taxi_lakehouse.unique_mart_daily_summary_pickup_date.fda92ebf69'
[0m16:35:59.580777 [debug] [Thread-3 (]: On test.nyc_taxi_lakehouse.unique_mart_daily_summary_pickup_date.fda92ebf69: Close
[0m16:35:59.574736 [info ] [Thread-2 (]: 25 of 27 PASS source_not_null_trusted_yellow_tripdata_2023_01_trip_duration_minutes  [[32mPASS[0m in 0.06s]
[0m16:35:59.588726 [debug] [Thread-2 (]: Finished running node test.nyc_taxi_lakehouse.source_not_null_trusted_yellow_tripdata_2023_01_trip_duration_minutes.9b18789060
[0m16:35:59.582789 [info ] [Thread-3 (]: 27 of 27 PASS unique_mart_daily_summary_pickup_date ............................ [[32mPASS[0m in 0.06s]
[0m16:35:59.591723 [debug] [Thread-3 (]: Finished running node test.nyc_taxi_lakehouse.unique_mart_daily_summary_pickup_date.fda92ebf69
[0m16:35:59.699105 [debug] [Thread-4 (]: SQL status: OK in 0.149 seconds
[0m16:35:59.699105 [debug] [Thread-4 (]: On test.nyc_taxi_lakehouse.unique_fct_trips_trip_id.9b74cb6aab: ROLLBACK
[0m16:35:59.699105 [debug] [Thread-4 (]: Failed to rollback 'test.nyc_taxi_lakehouse.unique_fct_trips_trip_id.9b74cb6aab'
[0m16:35:59.699105 [debug] [Thread-4 (]: On test.nyc_taxi_lakehouse.unique_fct_trips_trip_id.9b74cb6aab: Close
[0m16:35:59.715227 [info ] [Thread-4 (]: 26 of 27 PASS unique_fct_trips_trip_id ......................................... [[32mPASS[0m in 0.19s]
[0m16:35:59.715227 [debug] [Thread-4 (]: Finished running node test.nyc_taxi_lakehouse.unique_fct_trips_trip_id.9b74cb6aab
[0m16:35:59.715227 [debug] [MainThread]: Using duckdb connection "master"
[0m16:35:59.715227 [debug] [MainThread]: On master: BEGIN
[0m16:35:59.715227 [debug] [MainThread]: Opening a new connection, currently in state closed
[0m16:35:59.715227 [debug] [MainThread]: SQL status: OK in 0.009 seconds
[0m16:35:59.715227 [debug] [MainThread]: On master: COMMIT
[0m16:35:59.715227 [debug] [MainThread]: Using duckdb connection "master"
[0m16:35:59.715227 [debug] [MainThread]: On master: COMMIT
[0m16:35:59.715227 [debug] [MainThread]: SQL status: OK in 0.000 seconds
[0m16:35:59.715227 [debug] [MainThread]: On master: Close
[0m16:35:59.715227 [debug] [MainThread]: Connection 'master' was properly closed.
[0m16:35:59.731265 [debug] [MainThread]: Connection 'list_nyc_taxi_main_staging' was properly closed.
[0m16:35:59.731265 [debug] [MainThread]: Connection 'list_nyc_taxi_main_marts' was properly closed.
[0m16:35:59.732293 [debug] [MainThread]: Connection 'list_nyc_taxi_main_intermediate' was properly closed.
[0m16:35:59.732293 [debug] [MainThread]: Connection 'test.nyc_taxi_lakehouse.source_not_null_trusted_yellow_tripdata_2023_01_tpep_dropoff_datetime.5f54ee32e9' was properly closed.
[0m16:35:59.733305 [debug] [MainThread]: Connection 'test.nyc_taxi_lakehouse.source_not_null_trusted_yellow_tripdata_2023_01_trip_duration_minutes.9b18789060' was properly closed.
[0m16:35:59.733305 [debug] [MainThread]: Connection 'test.nyc_taxi_lakehouse.unique_mart_daily_summary_pickup_date.fda92ebf69' was properly closed.
[0m16:35:59.733774 [debug] [MainThread]: Connection 'test.nyc_taxi_lakehouse.unique_fct_trips_trip_id.9b74cb6aab' was properly closed.
[0m16:35:59.734189 [info ] [MainThread]: 
[0m16:35:59.734189 [info ] [MainThread]: Finished running 27 data tests in 0 hours 0 minutes and 1.51 seconds (1.51s).
[0m16:35:59.737136 [debug] [MainThread]: Command end result
[0m16:35:59.769942 [info ] [MainThread]: 
[0m16:35:59.770940 [info ] [MainThread]: [32mCompleted successfully[0m
[0m16:35:59.770940 [info ] [MainThread]: 
[0m16:35:59.771943 [info ] [MainThread]: Done. PASS=27 WARN=0 ERROR=0 SKIP=0 TOTAL=27
[0m16:35:59.772467 [debug] [MainThread]: Command `dbt test` succeeded at 16:35:59.772467 after 2.60 seconds
[0m16:35:59.772467 [debug] [MainThread]: Sending event: {'category': 'dbt', 'action': 'invocation', 'label': 'end', 'context': [<snowplow_tracker.self_describing_json.SelfDescribingJson object at 0x0000021EEE15B3E0>, <snowplow_tracker.self_describing_json.SelfDescribingJson object at 0x0000021EED16F260>, <snowplow_tracker.self_describing_json.SelfDescribingJson object at 0x0000021EED16F140>]}
[0m16:35:59.772467 [debug] [MainThread]: Flushing usage events
[0m16:36:29.481756 [debug] [MainThread]: Sending event: {'category': 'dbt', 'action': 'invocation', 'label': 'start', 'context': [<snowplow_tracker.self_describing_json.SelfDescribingJson object at 0x000001AF858D4BC0>, <snowplow_tracker.self_describing_json.SelfDescribingJson object at 0x000001AF855CFD40>, <snowplow_tracker.self_describing_json.SelfDescribingJson object at 0x000001AF8510CFB0>]}


============================== 16:36:29.497435 | 997d5c01-5d24-4b17-bee2-5b82427edeb6 ==============================
[0m16:36:29.497435 [info ] [MainThread]: Running with dbt=1.8.9
[0m16:36:29.497435 [debug] [MainThread]: running dbt with arguments {'printer_width': '80', 'indirect_selection': 'eager', 'write_json': 'True', 'log_cache_events': 'False', 'partial_parse': 'True', 'cache_selected_only': 'False', 'warn_error': 'None', 'fail_fast': 'False', 'debug': 'False', 'log_path': 'C:\\Users\\joaob\\Downloads\\nyc_taxi_lakehouse\\dbt_project\\logs', 'profiles_dir': 'C:\\Users\\joaob\\Downloads\\nyc_taxi_lakehouse\\dbt_project', 'version_check': 'True', 'use_colors': 'True', 'use_experimental_parser': 'False', 'no_print': 'None', 'quiet': 'False', 'empty': 'None', 'log_format': 'default', 'invocation_command': 'dbt docs generate', 'static_parser': 'True', 'warn_error_options': 'WarnErrorOptions(include=[], exclude=[])', 'target_path': 'None', 'introspect': 'True', 'send_anonymous_usage_stats': 'True'}
[0m16:36:29.693819 [debug] [MainThread]: Sending event: {'category': 'dbt', 'action': 'project_id', 'label': '997d5c01-5d24-4b17-bee2-5b82427edeb6', 'context': [<snowplow_tracker.self_describing_json.SelfDescribingJson object at 0x000001AF859C7C20>]}
[0m16:36:29.758897 [debug] [MainThread]: Sending event: {'category': 'dbt', 'action': 'adapter_info', 'label': '997d5c01-5d24-4b17-bee2-5b82427edeb6', 'context': [<snowplow_tracker.self_describing_json.SelfDescribingJson object at 0x000001AF86AD12B0>]}
[0m16:36:29.758897 [info ] [MainThread]: Registered adapter: duckdb=1.8.4
[0m16:36:30.152276 [debug] [MainThread]: checksum: 132857a23e9d07220246854f7763165174ce9b737cfc7867629ace4294e520b1, vars: {}, profile: , target: , version: 1.8.9
[0m16:36:30.295491 [debug] [MainThread]: Partial parsing enabled: 0 files deleted, 0 files added, 0 files changed.
[0m16:36:30.295491 [debug] [MainThread]: Partial parsing enabled, no changes found, skipping parsing
[0m16:36:30.328823 [debug] [MainThread]: Sending event: {'category': 'dbt', 'action': 'load_project', 'label': '997d5c01-5d24-4b17-bee2-5b82427edeb6', 'context': [<snowplow_tracker.self_describing_json.SelfDescribingJson object at 0x000001AF86BA2750>]}
[0m16:36:30.362270 [debug] [MainThread]: Sending event: {'category': 'dbt', 'action': 'resource_counts', 'label': '997d5c01-5d24-4b17-bee2-5b82427edeb6', 'context': [<snowplow_tracker.self_describing_json.SelfDescribingJson object at 0x000001AF86C57530>]}
[0m16:36:30.362270 [info ] [MainThread]: Found 4 models, 27 data tests, 1 source, 426 macros
[0m16:36:30.362270 [debug] [MainThread]: Sending event: {'category': 'dbt', 'action': 'runnable_timing', 'label': '997d5c01-5d24-4b17-bee2-5b82427edeb6', 'context': [<snowplow_tracker.self_describing_json.SelfDescribingJson object at 0x000001AF86DE4710>]}
[0m16:36:30.362270 [info ] [MainThread]: 
[0m16:36:30.362270 [debug] [MainThread]: Acquiring new duckdb connection 'master'
[0m16:36:30.378813 [debug] [ThreadPool]: Acquiring new duckdb connection 'list_nyc_taxi_main_marts'
[0m16:36:30.393827 [debug] [ThreadPool]: Acquiring new duckdb connection 'list_nyc_taxi_main_staging'
[0m16:36:30.398092 [debug] [ThreadPool]: Acquiring new duckdb connection 'list_nyc_taxi_main_intermediate'
[0m16:36:30.493201 [debug] [ThreadPool]: Using duckdb connection "list_nyc_taxi_main_marts"
[0m16:36:30.493201 [debug] [ThreadPool]: On list_nyc_taxi_main_marts: BEGIN
[0m16:36:30.493201 [debug] [ThreadPool]: Opening a new connection, currently in state init
[0m16:36:30.493201 [debug] [ThreadPool]: Using duckdb connection "list_nyc_taxi_main_staging"
[0m16:36:30.493201 [debug] [ThreadPool]: On list_nyc_taxi_main_staging: BEGIN
[0m16:36:30.493201 [debug] [ThreadPool]: Opening a new connection, currently in state init
[0m16:36:30.493201 [debug] [ThreadPool]: Using duckdb connection "list_nyc_taxi_main_intermediate"
[0m16:36:30.493201 [debug] [ThreadPool]: On list_nyc_taxi_main_intermediate: BEGIN
[0m16:36:30.493201 [debug] [ThreadPool]: Opening a new connection, currently in state init
[0m16:36:30.979008 [debug] [ThreadPool]: SQL status: OK in 0.493 seconds
[0m16:36:30.979008 [debug] [ThreadPool]: Using duckdb connection "list_nyc_taxi_main_marts"
[0m16:36:30.979008 [debug] [ThreadPool]: On list_nyc_taxi_main_marts: /* {"app": "dbt", "dbt_version": "1.8.9", "profile_name": "nyc_taxi_lakehouse", "target_name": "dev", "connection_name": "list_nyc_taxi_main_marts"} */
select
      'nyc_taxi' as database,
      table_name as name,
      table_schema as schema,
      CASE table_type
        WHEN 'BASE TABLE' THEN 'table'
        WHEN 'VIEW' THEN 'view'
        WHEN 'LOCAL TEMPORARY' THEN 'table'
        END as type
    from system.information_schema.tables
    where table_schema = 'main_marts'
    and table_catalog = 'nyc_taxi'
  
[0m16:36:30.979008 [debug] [ThreadPool]: SQL status: OK in 0.492 seconds
[0m16:36:30.979008 [debug] [ThreadPool]: Using duckdb connection "list_nyc_taxi_main_intermediate"
[0m16:36:30.979008 [debug] [ThreadPool]: On list_nyc_taxi_main_intermediate: /* {"app": "dbt", "dbt_version": "1.8.9", "profile_name": "nyc_taxi_lakehouse", "target_name": "dev", "connection_name": "list_nyc_taxi_main_intermediate"} */
select
      'nyc_taxi' as database,
      table_name as name,
      table_schema as schema,
      CASE table_type
        WHEN 'BASE TABLE' THEN 'table'
        WHEN 'VIEW' THEN 'view'
        WHEN 'LOCAL TEMPORARY' THEN 'table'
        END as type
    from system.information_schema.tables
    where table_schema = 'main_intermediate'
    and table_catalog = 'nyc_taxi'
  
[0m16:36:30.979008 [debug] [ThreadPool]: SQL status: OK in 0.494 seconds
[0m16:36:30.979008 [debug] [ThreadPool]: Using duckdb connection "list_nyc_taxi_main_staging"
[0m16:36:30.979008 [debug] [ThreadPool]: On list_nyc_taxi_main_staging: /* {"app": "dbt", "dbt_version": "1.8.9", "profile_name": "nyc_taxi_lakehouse", "target_name": "dev", "connection_name": "list_nyc_taxi_main_staging"} */
select
      'nyc_taxi' as database,
      table_name as name,
      table_schema as schema,
      CASE table_type
        WHEN 'BASE TABLE' THEN 'table'
        WHEN 'VIEW' THEN 'view'
        WHEN 'LOCAL TEMPORARY' THEN 'table'
        END as type
    from system.information_schema.tables
    where table_schema = 'main_staging'
    and table_catalog = 'nyc_taxi'
  
[0m16:36:31.029087 [debug] [ThreadPool]: SQL status: OK in 0.044 seconds
[0m16:36:31.029087 [debug] [ThreadPool]: SQL status: OK in 0.042 seconds
[0m16:36:31.029087 [debug] [ThreadPool]: On list_nyc_taxi_main_marts: ROLLBACK
[0m16:36:31.029087 [debug] [ThreadPool]: On list_nyc_taxi_main_staging: ROLLBACK
[0m16:36:31.029087 [debug] [ThreadPool]: SQL status: OK in 0.047 seconds
[0m16:36:31.029087 [debug] [ThreadPool]: On list_nyc_taxi_main_intermediate: ROLLBACK
[0m16:36:31.029087 [debug] [ThreadPool]: Failed to rollback 'list_nyc_taxi_main_staging'
[0m16:36:31.029087 [debug] [ThreadPool]: Failed to rollback 'list_nyc_taxi_main_marts'
[0m16:36:31.029087 [debug] [ThreadPool]: On list_nyc_taxi_main_staging: Close
[0m16:36:31.029087 [debug] [ThreadPool]: Failed to rollback 'list_nyc_taxi_main_intermediate'
[0m16:36:31.029087 [debug] [ThreadPool]: On list_nyc_taxi_main_marts: Close
[0m16:36:31.029087 [debug] [ThreadPool]: On list_nyc_taxi_main_intermediate: Close
[0m16:36:31.046180 [debug] [MainThread]: Sending event: {'category': 'dbt', 'action': 'runnable_timing', 'label': '997d5c01-5d24-4b17-bee2-5b82427edeb6', 'context': [<snowplow_tracker.self_describing_json.SelfDescribingJson object at 0x000001AF86C0ACC0>]}
[0m16:36:31.046180 [info ] [MainThread]: Concurrency: 4 threads (target='dev')
[0m16:36:31.046180 [info ] [MainThread]: 
[0m16:36:31.046180 [debug] [Thread-1 (]: Began running node model.nyc_taxi_lakehouse.stg_yellow_trips
[0m16:36:31.054256 [debug] [Thread-2 (]: Began running node test.nyc_taxi_lakehouse.source_not_null_trusted_yellow_tripdata_2023_01_passenger_count.fe392e1edf
[0m16:36:31.054256 [debug] [Thread-1 (]: Acquiring new duckdb connection 'model.nyc_taxi_lakehouse.stg_yellow_trips'
[0m16:36:31.054256 [debug] [Thread-3 (]: Began running node test.nyc_taxi_lakehouse.source_not_null_trusted_yellow_tripdata_2023_01_total_amount.21419489f1
[0m16:36:31.054256 [debug] [Thread-2 (]: Acquiring new duckdb connection 'test.nyc_taxi_lakehouse.source_not_null_trusted_yellow_tripdata_2023_01_passenger_count.fe392e1edf'
[0m16:36:31.054256 [debug] [Thread-4 (]: Began running node test.nyc_taxi_lakehouse.source_not_null_trusted_yellow_tripdata_2023_01_tpep_dropoff_datetime.5f54ee32e9
[0m16:36:31.054256 [debug] [Thread-1 (]: Began compiling node model.nyc_taxi_lakehouse.stg_yellow_trips
[0m16:36:31.054256 [debug] [Thread-3 (]: Acquiring new duckdb connection 'test.nyc_taxi_lakehouse.source_not_null_trusted_yellow_tripdata_2023_01_total_amount.21419489f1'
[0m16:36:31.054256 [debug] [Thread-2 (]: Began compiling node test.nyc_taxi_lakehouse.source_not_null_trusted_yellow_tripdata_2023_01_passenger_count.fe392e1edf
[0m16:36:31.054256 [debug] [Thread-4 (]: Acquiring new duckdb connection 'test.nyc_taxi_lakehouse.source_not_null_trusted_yellow_tripdata_2023_01_tpep_dropoff_datetime.5f54ee32e9'
[0m16:36:31.065116 [debug] [Thread-1 (]: Writing injected SQL for node "model.nyc_taxi_lakehouse.stg_yellow_trips"
[0m16:36:31.065116 [debug] [Thread-3 (]: Began compiling node test.nyc_taxi_lakehouse.source_not_null_trusted_yellow_tripdata_2023_01_total_amount.21419489f1
[0m16:36:31.068387 [debug] [Thread-2 (]: Writing injected SQL for node "test.nyc_taxi_lakehouse.source_not_null_trusted_yellow_tripdata_2023_01_passenger_count.fe392e1edf"
[0m16:36:31.068387 [debug] [Thread-4 (]: Began compiling node test.nyc_taxi_lakehouse.source_not_null_trusted_yellow_tripdata_2023_01_tpep_dropoff_datetime.5f54ee32e9
[0m16:36:31.081790 [debug] [Thread-3 (]: Writing injected SQL for node "test.nyc_taxi_lakehouse.source_not_null_trusted_yellow_tripdata_2023_01_total_amount.21419489f1"
[0m16:36:31.083143 [debug] [Thread-4 (]: Writing injected SQL for node "test.nyc_taxi_lakehouse.source_not_null_trusted_yellow_tripdata_2023_01_tpep_dropoff_datetime.5f54ee32e9"
[0m16:36:31.083143 [debug] [Thread-1 (]: Began executing node model.nyc_taxi_lakehouse.stg_yellow_trips
[0m16:36:31.083143 [debug] [Thread-1 (]: Finished running node model.nyc_taxi_lakehouse.stg_yellow_trips
[0m16:36:31.083143 [debug] [Thread-1 (]: Began running node test.nyc_taxi_lakehouse.source_not_null_trusted_yellow_tripdata_2023_01_tpep_pickup_datetime.ac92b7323f
[0m16:36:31.083143 [debug] [Thread-1 (]: Re-using an available connection from the pool (formerly model.nyc_taxi_lakehouse.stg_yellow_trips, now test.nyc_taxi_lakehouse.source_not_null_trusted_yellow_tripdata_2023_01_tpep_pickup_datetime.ac92b7323f)
[0m16:36:31.083143 [debug] [Thread-1 (]: Began compiling node test.nyc_taxi_lakehouse.source_not_null_trusted_yellow_tripdata_2023_01_tpep_pickup_datetime.ac92b7323f
[0m16:36:31.095423 [debug] [Thread-1 (]: Writing injected SQL for node "test.nyc_taxi_lakehouse.source_not_null_trusted_yellow_tripdata_2023_01_tpep_pickup_datetime.ac92b7323f"
[0m16:36:31.096434 [debug] [Thread-2 (]: Began executing node test.nyc_taxi_lakehouse.source_not_null_trusted_yellow_tripdata_2023_01_passenger_count.fe392e1edf
[0m16:36:31.097430 [debug] [Thread-2 (]: Finished running node test.nyc_taxi_lakehouse.source_not_null_trusted_yellow_tripdata_2023_01_passenger_count.fe392e1edf
[0m16:36:31.097430 [debug] [Thread-2 (]: Began running node test.nyc_taxi_lakehouse.source_not_null_trusted_yellow_tripdata_2023_01_trip_distance.793da3e67d
[0m16:36:31.098433 [debug] [Thread-3 (]: Began executing node test.nyc_taxi_lakehouse.source_not_null_trusted_yellow_tripdata_2023_01_total_amount.21419489f1
[0m16:36:31.099429 [debug] [Thread-2 (]: Re-using an available connection from the pool (formerly test.nyc_taxi_lakehouse.source_not_null_trusted_yellow_tripdata_2023_01_passenger_count.fe392e1edf, now test.nyc_taxi_lakehouse.source_not_null_trusted_yellow_tripdata_2023_01_trip_distance.793da3e67d)
[0m16:36:31.099429 [debug] [Thread-4 (]: Began executing node test.nyc_taxi_lakehouse.source_not_null_trusted_yellow_tripdata_2023_01_tpep_dropoff_datetime.5f54ee32e9
[0m16:36:31.099429 [debug] [Thread-3 (]: Finished running node test.nyc_taxi_lakehouse.source_not_null_trusted_yellow_tripdata_2023_01_total_amount.21419489f1
[0m16:36:31.099429 [debug] [Thread-2 (]: Began compiling node test.nyc_taxi_lakehouse.source_not_null_trusted_yellow_tripdata_2023_01_trip_distance.793da3e67d
[0m16:36:31.099429 [debug] [Thread-4 (]: Finished running node test.nyc_taxi_lakehouse.source_not_null_trusted_yellow_tripdata_2023_01_tpep_dropoff_datetime.5f54ee32e9
[0m16:36:31.099429 [debug] [Thread-1 (]: Began executing node test.nyc_taxi_lakehouse.source_not_null_trusted_yellow_tripdata_2023_01_tpep_pickup_datetime.ac92b7323f
[0m16:36:31.099429 [debug] [Thread-3 (]: Began running node test.nyc_taxi_lakehouse.source_not_null_trusted_yellow_tripdata_2023_01_trip_duration_minutes.9b18789060
[0m16:36:31.099429 [debug] [Thread-2 (]: Writing injected SQL for node "test.nyc_taxi_lakehouse.source_not_null_trusted_yellow_tripdata_2023_01_trip_distance.793da3e67d"
[0m16:36:31.099429 [debug] [Thread-4 (]: Began running node model.nyc_taxi_lakehouse.int_trips_enriched
[0m16:36:31.099429 [debug] [Thread-1 (]: Finished running node test.nyc_taxi_lakehouse.source_not_null_trusted_yellow_tripdata_2023_01_tpep_pickup_datetime.ac92b7323f
[0m16:36:31.099429 [debug] [Thread-3 (]: Re-using an available connection from the pool (formerly test.nyc_taxi_lakehouse.source_not_null_trusted_yellow_tripdata_2023_01_total_amount.21419489f1, now test.nyc_taxi_lakehouse.source_not_null_trusted_yellow_tripdata_2023_01_trip_duration_minutes.9b18789060)
[0m16:36:31.099429 [debug] [Thread-4 (]: Re-using an available connection from the pool (formerly test.nyc_taxi_lakehouse.source_not_null_trusted_yellow_tripdata_2023_01_tpep_dropoff_datetime.5f54ee32e9, now model.nyc_taxi_lakehouse.int_trips_enriched)
[0m16:36:31.099429 [debug] [Thread-1 (]: Began running node test.nyc_taxi_lakehouse.accepted_values_stg_yellow_trips_payment_type_id__1__2__3__4__5__6.3eae713b47
[0m16:36:31.099429 [debug] [Thread-3 (]: Began compiling node test.nyc_taxi_lakehouse.source_not_null_trusted_yellow_tripdata_2023_01_trip_duration_minutes.9b18789060
[0m16:36:31.099429 [debug] [Thread-4 (]: Began compiling node model.nyc_taxi_lakehouse.int_trips_enriched
[0m16:36:31.099429 [debug] [Thread-1 (]: Re-using an available connection from the pool (formerly test.nyc_taxi_lakehouse.source_not_null_trusted_yellow_tripdata_2023_01_tpep_pickup_datetime.ac92b7323f, now test.nyc_taxi_lakehouse.accepted_values_stg_yellow_trips_payment_type_id__1__2__3__4__5__6.3eae713b47)
[0m16:36:31.115092 [debug] [Thread-2 (]: Began executing node test.nyc_taxi_lakehouse.source_not_null_trusted_yellow_tripdata_2023_01_trip_distance.793da3e67d
[0m16:36:31.116122 [debug] [Thread-3 (]: Writing injected SQL for node "test.nyc_taxi_lakehouse.source_not_null_trusted_yellow_tripdata_2023_01_trip_duration_minutes.9b18789060"
[0m16:36:31.118122 [debug] [Thread-4 (]: Writing injected SQL for node "model.nyc_taxi_lakehouse.int_trips_enriched"
[0m16:36:31.119122 [debug] [Thread-1 (]: Began compiling node test.nyc_taxi_lakehouse.accepted_values_stg_yellow_trips_payment_type_id__1__2__3__4__5__6.3eae713b47
[0m16:36:31.119122 [debug] [Thread-2 (]: Finished running node test.nyc_taxi_lakehouse.source_not_null_trusted_yellow_tripdata_2023_01_trip_distance.793da3e67d
[0m16:36:31.126088 [debug] [Thread-1 (]: Writing injected SQL for node "test.nyc_taxi_lakehouse.accepted_values_stg_yellow_trips_payment_type_id__1__2__3__4__5__6.3eae713b47"
[0m16:36:31.127123 [debug] [Thread-2 (]: Began running node test.nyc_taxi_lakehouse.accepted_values_stg_yellow_trips_vendor_id__1__2.8414c124a2
[0m16:36:31.128087 [debug] [Thread-2 (]: Re-using an available connection from the pool (formerly test.nyc_taxi_lakehouse.source_not_null_trusted_yellow_tripdata_2023_01_trip_distance.793da3e67d, now test.nyc_taxi_lakehouse.accepted_values_stg_yellow_trips_vendor_id__1__2.8414c124a2)
[0m16:36:31.128087 [debug] [Thread-4 (]: Began executing node model.nyc_taxi_lakehouse.int_trips_enriched
[0m16:36:31.129088 [debug] [Thread-2 (]: Began compiling node test.nyc_taxi_lakehouse.accepted_values_stg_yellow_trips_vendor_id__1__2.8414c124a2
[0m16:36:31.129088 [debug] [Thread-4 (]: Finished running node model.nyc_taxi_lakehouse.int_trips_enriched
[0m16:36:31.130125 [debug] [Thread-3 (]: Began executing node test.nyc_taxi_lakehouse.source_not_null_trusted_yellow_tripdata_2023_01_trip_duration_minutes.9b18789060
[0m16:36:31.133122 [debug] [Thread-2 (]: Writing injected SQL for node "test.nyc_taxi_lakehouse.accepted_values_stg_yellow_trips_vendor_id__1__2.8414c124a2"
[0m16:36:31.134123 [debug] [Thread-4 (]: Began running node test.nyc_taxi_lakehouse.not_null_stg_yellow_trips_dropoff_at.5e7750f632
[0m16:36:31.134123 [debug] [Thread-1 (]: Began executing node test.nyc_taxi_lakehouse.accepted_values_stg_yellow_trips_payment_type_id__1__2__3__4__5__6.3eae713b47
[0m16:36:31.135088 [debug] [Thread-3 (]: Finished running node test.nyc_taxi_lakehouse.source_not_null_trusted_yellow_tripdata_2023_01_trip_duration_minutes.9b18789060
[0m16:36:31.136087 [debug] [Thread-4 (]: Re-using an available connection from the pool (formerly model.nyc_taxi_lakehouse.int_trips_enriched, now test.nyc_taxi_lakehouse.not_null_stg_yellow_trips_dropoff_at.5e7750f632)
[0m16:36:31.136087 [debug] [Thread-1 (]: Finished running node test.nyc_taxi_lakehouse.accepted_values_stg_yellow_trips_payment_type_id__1__2__3__4__5__6.3eae713b47
[0m16:36:31.137124 [debug] [Thread-3 (]: Began running node test.nyc_taxi_lakehouse.not_null_stg_yellow_trips_passenger_count.4ff8bf000d
[0m16:36:31.137124 [debug] [Thread-4 (]: Began compiling node test.nyc_taxi_lakehouse.not_null_stg_yellow_trips_dropoff_at.5e7750f632
[0m16:36:31.138087 [debug] [Thread-1 (]: Began running node test.nyc_taxi_lakehouse.not_null_stg_yellow_trips_pickup_at.8d7cd7c867
[0m16:36:31.138087 [debug] [Thread-2 (]: Began executing node test.nyc_taxi_lakehouse.accepted_values_stg_yellow_trips_vendor_id__1__2.8414c124a2
[0m16:36:31.139091 [debug] [Thread-3 (]: Re-using an available connection from the pool (formerly test.nyc_taxi_lakehouse.source_not_null_trusted_yellow_tripdata_2023_01_trip_duration_minutes.9b18789060, now test.nyc_taxi_lakehouse.not_null_stg_yellow_trips_passenger_count.4ff8bf000d)
[0m16:36:31.143124 [debug] [Thread-4 (]: Writing injected SQL for node "test.nyc_taxi_lakehouse.not_null_stg_yellow_trips_dropoff_at.5e7750f632"
[0m16:36:31.144090 [debug] [Thread-1 (]: Re-using an available connection from the pool (formerly test.nyc_taxi_lakehouse.accepted_values_stg_yellow_trips_payment_type_id__1__2__3__4__5__6.3eae713b47, now test.nyc_taxi_lakehouse.not_null_stg_yellow_trips_pickup_at.8d7cd7c867)
[0m16:36:31.144090 [debug] [Thread-2 (]: Finished running node test.nyc_taxi_lakehouse.accepted_values_stg_yellow_trips_vendor_id__1__2.8414c124a2
[0m16:36:31.145123 [debug] [Thread-3 (]: Began compiling node test.nyc_taxi_lakehouse.not_null_stg_yellow_trips_passenger_count.4ff8bf000d
[0m16:36:31.145536 [debug] [Thread-1 (]: Began compiling node test.nyc_taxi_lakehouse.not_null_stg_yellow_trips_pickup_at.8d7cd7c867
[0m16:36:31.145536 [debug] [Thread-2 (]: Began running node test.nyc_taxi_lakehouse.not_null_stg_yellow_trips_total_amount.64a0bc33f6
[0m16:36:31.145536 [debug] [Thread-3 (]: Writing injected SQL for node "test.nyc_taxi_lakehouse.not_null_stg_yellow_trips_passenger_count.4ff8bf000d"
[0m16:36:31.145536 [debug] [Thread-1 (]: Writing injected SQL for node "test.nyc_taxi_lakehouse.not_null_stg_yellow_trips_pickup_at.8d7cd7c867"
[0m16:36:31.145536 [debug] [Thread-2 (]: Re-using an available connection from the pool (formerly test.nyc_taxi_lakehouse.accepted_values_stg_yellow_trips_vendor_id__1__2.8414c124a2, now test.nyc_taxi_lakehouse.not_null_stg_yellow_trips_total_amount.64a0bc33f6)
[0m16:36:31.145536 [debug] [Thread-2 (]: Began compiling node test.nyc_taxi_lakehouse.not_null_stg_yellow_trips_total_amount.64a0bc33f6
[0m16:36:31.145536 [debug] [Thread-2 (]: Writing injected SQL for node "test.nyc_taxi_lakehouse.not_null_stg_yellow_trips_total_amount.64a0bc33f6"
[0m16:36:31.145536 [debug] [Thread-4 (]: Began executing node test.nyc_taxi_lakehouse.not_null_stg_yellow_trips_dropoff_at.5e7750f632
[0m16:36:31.145536 [debug] [Thread-4 (]: Finished running node test.nyc_taxi_lakehouse.not_null_stg_yellow_trips_dropoff_at.5e7750f632
[0m16:36:31.145536 [debug] [Thread-4 (]: Began running node test.nyc_taxi_lakehouse.not_null_stg_yellow_trips_trip_distance.316bddbb0f
[0m16:36:31.145536 [debug] [Thread-4 (]: Re-using an available connection from the pool (formerly test.nyc_taxi_lakehouse.not_null_stg_yellow_trips_dropoff_at.5e7750f632, now test.nyc_taxi_lakehouse.not_null_stg_yellow_trips_trip_distance.316bddbb0f)
[0m16:36:31.145536 [debug] [Thread-4 (]: Began compiling node test.nyc_taxi_lakehouse.not_null_stg_yellow_trips_trip_distance.316bddbb0f
[0m16:36:31.161185 [debug] [Thread-4 (]: Writing injected SQL for node "test.nyc_taxi_lakehouse.not_null_stg_yellow_trips_trip_distance.316bddbb0f"
[0m16:36:31.161185 [debug] [Thread-2 (]: Began executing node test.nyc_taxi_lakehouse.not_null_stg_yellow_trips_total_amount.64a0bc33f6
[0m16:36:31.161185 [debug] [Thread-2 (]: Finished running node test.nyc_taxi_lakehouse.not_null_stg_yellow_trips_total_amount.64a0bc33f6
[0m16:36:31.161185 [debug] [Thread-2 (]: Began running node test.nyc_taxi_lakehouse.not_null_stg_yellow_trips_trip_duration_minutes.9e73cad885
[0m16:36:31.161185 [debug] [Thread-2 (]: Re-using an available connection from the pool (formerly test.nyc_taxi_lakehouse.not_null_stg_yellow_trips_total_amount.64a0bc33f6, now test.nyc_taxi_lakehouse.not_null_stg_yellow_trips_trip_duration_minutes.9e73cad885)
[0m16:36:31.161185 [debug] [Thread-2 (]: Began compiling node test.nyc_taxi_lakehouse.not_null_stg_yellow_trips_trip_duration_minutes.9e73cad885
[0m16:36:31.161185 [debug] [Thread-2 (]: Writing injected SQL for node "test.nyc_taxi_lakehouse.not_null_stg_yellow_trips_trip_duration_minutes.9e73cad885"
[0m16:36:31.161185 [debug] [Thread-1 (]: Began executing node test.nyc_taxi_lakehouse.not_null_stg_yellow_trips_pickup_at.8d7cd7c867
[0m16:36:31.161185 [debug] [Thread-1 (]: Finished running node test.nyc_taxi_lakehouse.not_null_stg_yellow_trips_pickup_at.8d7cd7c867
[0m16:36:31.161185 [debug] [Thread-1 (]: Began running node test.nyc_taxi_lakehouse.not_null_stg_yellow_trips_vendor_id.5bb8ca4a57
[0m16:36:31.161185 [debug] [Thread-1 (]: Re-using an available connection from the pool (formerly test.nyc_taxi_lakehouse.not_null_stg_yellow_trips_pickup_at.8d7cd7c867, now test.nyc_taxi_lakehouse.not_null_stg_yellow_trips_vendor_id.5bb8ca4a57)
[0m16:36:31.161185 [debug] [Thread-1 (]: Began compiling node test.nyc_taxi_lakehouse.not_null_stg_yellow_trips_vendor_id.5bb8ca4a57
[0m16:36:31.161185 [debug] [Thread-1 (]: Writing injected SQL for node "test.nyc_taxi_lakehouse.not_null_stg_yellow_trips_vendor_id.5bb8ca4a57"
[0m16:36:31.161185 [debug] [Thread-3 (]: Began executing node test.nyc_taxi_lakehouse.not_null_stg_yellow_trips_passenger_count.4ff8bf000d
[0m16:36:31.177207 [debug] [Thread-4 (]: Began executing node test.nyc_taxi_lakehouse.not_null_stg_yellow_trips_trip_distance.316bddbb0f
[0m16:36:31.177207 [debug] [Thread-3 (]: Finished running node test.nyc_taxi_lakehouse.not_null_stg_yellow_trips_passenger_count.4ff8bf000d
[0m16:36:31.177207 [debug] [Thread-4 (]: Finished running node test.nyc_taxi_lakehouse.not_null_stg_yellow_trips_trip_distance.316bddbb0f
[0m16:36:31.177207 [debug] [Thread-1 (]: Began executing node test.nyc_taxi_lakehouse.not_null_stg_yellow_trips_vendor_id.5bb8ca4a57
[0m16:36:31.177207 [debug] [Thread-3 (]: Began running node model.nyc_taxi_lakehouse.fct_trips
[0m16:36:31.177207 [debug] [Thread-2 (]: Began executing node test.nyc_taxi_lakehouse.not_null_stg_yellow_trips_trip_duration_minutes.9e73cad885
[0m16:36:31.177207 [debug] [Thread-1 (]: Finished running node test.nyc_taxi_lakehouse.not_null_stg_yellow_trips_vendor_id.5bb8ca4a57
[0m16:36:31.177207 [debug] [Thread-3 (]: Re-using an available connection from the pool (formerly test.nyc_taxi_lakehouse.not_null_stg_yellow_trips_passenger_count.4ff8bf000d, now model.nyc_taxi_lakehouse.fct_trips)
[0m16:36:31.177207 [debug] [Thread-2 (]: Finished running node test.nyc_taxi_lakehouse.not_null_stg_yellow_trips_trip_duration_minutes.9e73cad885
[0m16:36:31.182688 [debug] [Thread-3 (]: Began compiling node model.nyc_taxi_lakehouse.fct_trips
[0m16:36:31.182688 [debug] [Thread-3 (]: Writing injected SQL for node "model.nyc_taxi_lakehouse.fct_trips"
[0m16:36:31.182688 [debug] [Thread-3 (]: Began executing node model.nyc_taxi_lakehouse.fct_trips
[0m16:36:31.182688 [debug] [Thread-3 (]: Finished running node model.nyc_taxi_lakehouse.fct_trips
[0m16:36:31.182688 [debug] [Thread-4 (]: Began running node model.nyc_taxi_lakehouse.mart_daily_summary
[0m16:36:31.182688 [debug] [Thread-4 (]: Re-using an available connection from the pool (formerly test.nyc_taxi_lakehouse.not_null_stg_yellow_trips_trip_distance.316bddbb0f, now model.nyc_taxi_lakehouse.mart_daily_summary)
[0m16:36:31.182688 [debug] [Thread-4 (]: Began compiling node model.nyc_taxi_lakehouse.mart_daily_summary
[0m16:36:31.182688 [debug] [Thread-1 (]: Began running node test.nyc_taxi_lakehouse.accepted_values_fct_trips_distance_bucket__short__medium__long__very_long.c5c9977db3
[0m16:36:31.192527 [debug] [Thread-4 (]: Writing injected SQL for node "model.nyc_taxi_lakehouse.mart_daily_summary"
[0m16:36:31.192527 [debug] [Thread-1 (]: Re-using an available connection from the pool (formerly test.nyc_taxi_lakehouse.not_null_stg_yellow_trips_vendor_id.5bb8ca4a57, now test.nyc_taxi_lakehouse.accepted_values_fct_trips_distance_bucket__short__medium__long__very_long.c5c9977db3)
[0m16:36:31.192527 [debug] [Thread-2 (]: Began running node test.nyc_taxi_lakehouse.accepted_values_fct_trips_payment_type__credit_card__cash__no_charge__dispute__unknown__voided_trip__other.ba0c936a2d
[0m16:36:31.194476 [debug] [Thread-3 (]: Began running node test.nyc_taxi_lakehouse.accepted_values_fct_trips_time_of_day__morning__afternoon__evening__late_night.02765e5855
[0m16:36:31.194476 [debug] [Thread-1 (]: Began compiling node test.nyc_taxi_lakehouse.accepted_values_fct_trips_distance_bucket__short__medium__long__very_long.c5c9977db3
[0m16:36:31.196484 [debug] [Thread-2 (]: Re-using an available connection from the pool (formerly test.nyc_taxi_lakehouse.not_null_stg_yellow_trips_trip_duration_minutes.9e73cad885, now test.nyc_taxi_lakehouse.accepted_values_fct_trips_payment_type__credit_card__cash__no_charge__dispute__unknown__voided_trip__other.ba0c936a2d)
[0m16:36:31.196484 [debug] [Thread-3 (]: Re-using an available connection from the pool (formerly model.nyc_taxi_lakehouse.fct_trips, now test.nyc_taxi_lakehouse.accepted_values_fct_trips_time_of_day__morning__afternoon__evening__late_night.02765e5855)
[0m16:36:31.196484 [debug] [Thread-4 (]: Began executing node model.nyc_taxi_lakehouse.mart_daily_summary
[0m16:36:31.204525 [debug] [Thread-1 (]: Writing injected SQL for node "test.nyc_taxi_lakehouse.accepted_values_fct_trips_distance_bucket__short__medium__long__very_long.c5c9977db3"
[0m16:36:31.204525 [debug] [Thread-2 (]: Began compiling node test.nyc_taxi_lakehouse.accepted_values_fct_trips_payment_type__credit_card__cash__no_charge__dispute__unknown__voided_trip__other.ba0c936a2d
[0m16:36:31.204525 [debug] [Thread-3 (]: Began compiling node test.nyc_taxi_lakehouse.accepted_values_fct_trips_time_of_day__morning__afternoon__evening__late_night.02765e5855
[0m16:36:31.204525 [debug] [Thread-4 (]: Finished running node model.nyc_taxi_lakehouse.mart_daily_summary
[0m16:36:31.208640 [debug] [Thread-2 (]: Writing injected SQL for node "test.nyc_taxi_lakehouse.accepted_values_fct_trips_payment_type__credit_card__cash__no_charge__dispute__unknown__voided_trip__other.ba0c936a2d"
[0m16:36:31.208640 [debug] [Thread-3 (]: Writing injected SQL for node "test.nyc_taxi_lakehouse.accepted_values_fct_trips_time_of_day__morning__afternoon__evening__late_night.02765e5855"
[0m16:36:31.208640 [debug] [Thread-4 (]: Began running node test.nyc_taxi_lakehouse.not_null_fct_trips_pickup_at.444dea6a87
[0m16:36:31.208640 [debug] [Thread-1 (]: Began executing node test.nyc_taxi_lakehouse.accepted_values_fct_trips_distance_bucket__short__medium__long__very_long.c5c9977db3
[0m16:36:31.208640 [debug] [Thread-4 (]: Re-using an available connection from the pool (formerly model.nyc_taxi_lakehouse.mart_daily_summary, now test.nyc_taxi_lakehouse.not_null_fct_trips_pickup_at.444dea6a87)
[0m16:36:31.224274 [debug] [Thread-1 (]: Finished running node test.nyc_taxi_lakehouse.accepted_values_fct_trips_distance_bucket__short__medium__long__very_long.c5c9977db3
[0m16:36:31.224274 [debug] [Thread-4 (]: Began compiling node test.nyc_taxi_lakehouse.not_null_fct_trips_pickup_at.444dea6a87
[0m16:36:31.224274 [debug] [Thread-2 (]: Began executing node test.nyc_taxi_lakehouse.accepted_values_fct_trips_payment_type__credit_card__cash__no_charge__dispute__unknown__voided_trip__other.ba0c936a2d
[0m16:36:31.224274 [debug] [Thread-1 (]: Began running node test.nyc_taxi_lakehouse.not_null_fct_trips_total_amount.0e8ec5477d
[0m16:36:31.224274 [debug] [Thread-3 (]: Began executing node test.nyc_taxi_lakehouse.accepted_values_fct_trips_time_of_day__morning__afternoon__evening__late_night.02765e5855
[0m16:36:31.224274 [debug] [Thread-4 (]: Writing injected SQL for node "test.nyc_taxi_lakehouse.not_null_fct_trips_pickup_at.444dea6a87"
[0m16:36:31.224274 [debug] [Thread-2 (]: Finished running node test.nyc_taxi_lakehouse.accepted_values_fct_trips_payment_type__credit_card__cash__no_charge__dispute__unknown__voided_trip__other.ba0c936a2d
[0m16:36:31.224274 [debug] [Thread-1 (]: Re-using an available connection from the pool (formerly test.nyc_taxi_lakehouse.accepted_values_fct_trips_distance_bucket__short__medium__long__very_long.c5c9977db3, now test.nyc_taxi_lakehouse.not_null_fct_trips_total_amount.0e8ec5477d)
[0m16:36:31.224274 [debug] [Thread-3 (]: Finished running node test.nyc_taxi_lakehouse.accepted_values_fct_trips_time_of_day__morning__afternoon__evening__late_night.02765e5855
[0m16:36:31.224274 [debug] [Thread-2 (]: Began running node test.nyc_taxi_lakehouse.not_null_fct_trips_trip_duration_minutes.566e53ade7
[0m16:36:31.224274 [debug] [Thread-1 (]: Began compiling node test.nyc_taxi_lakehouse.not_null_fct_trips_total_amount.0e8ec5477d
[0m16:36:31.224274 [debug] [Thread-3 (]: Began running node test.nyc_taxi_lakehouse.not_null_fct_trips_trip_id.df65bf8c1d
[0m16:36:31.224274 [debug] [Thread-2 (]: Re-using an available connection from the pool (formerly test.nyc_taxi_lakehouse.accepted_values_fct_trips_payment_type__credit_card__cash__no_charge__dispute__unknown__voided_trip__other.ba0c936a2d, now test.nyc_taxi_lakehouse.not_null_fct_trips_trip_duration_minutes.566e53ade7)
[0m16:36:31.224274 [debug] [Thread-1 (]: Writing injected SQL for node "test.nyc_taxi_lakehouse.not_null_fct_trips_total_amount.0e8ec5477d"
[0m16:36:31.224274 [debug] [Thread-4 (]: Began executing node test.nyc_taxi_lakehouse.not_null_fct_trips_pickup_at.444dea6a87
[0m16:36:31.224274 [debug] [Thread-3 (]: Re-using an available connection from the pool (formerly test.nyc_taxi_lakehouse.accepted_values_fct_trips_time_of_day__morning__afternoon__evening__late_night.02765e5855, now test.nyc_taxi_lakehouse.not_null_fct_trips_trip_id.df65bf8c1d)
[0m16:36:31.224274 [debug] [Thread-2 (]: Began compiling node test.nyc_taxi_lakehouse.not_null_fct_trips_trip_duration_minutes.566e53ade7
[0m16:36:31.224274 [debug] [Thread-4 (]: Finished running node test.nyc_taxi_lakehouse.not_null_fct_trips_pickup_at.444dea6a87
[0m16:36:31.224274 [debug] [Thread-3 (]: Began compiling node test.nyc_taxi_lakehouse.not_null_fct_trips_trip_id.df65bf8c1d
[0m16:36:31.240338 [debug] [Thread-2 (]: Writing injected SQL for node "test.nyc_taxi_lakehouse.not_null_fct_trips_trip_duration_minutes.566e53ade7"
[0m16:36:31.240338 [debug] [Thread-4 (]: Began running node test.nyc_taxi_lakehouse.unique_fct_trips_trip_id.9b74cb6aab
[0m16:36:31.240338 [debug] [Thread-3 (]: Writing injected SQL for node "test.nyc_taxi_lakehouse.not_null_fct_trips_trip_id.df65bf8c1d"
[0m16:36:31.240338 [debug] [Thread-4 (]: Re-using an available connection from the pool (formerly test.nyc_taxi_lakehouse.not_null_fct_trips_pickup_at.444dea6a87, now test.nyc_taxi_lakehouse.unique_fct_trips_trip_id.9b74cb6aab)
[0m16:36:31.240338 [debug] [Thread-1 (]: Began executing node test.nyc_taxi_lakehouse.not_null_fct_trips_total_amount.0e8ec5477d
[0m16:36:31.240338 [debug] [Thread-4 (]: Began compiling node test.nyc_taxi_lakehouse.unique_fct_trips_trip_id.9b74cb6aab
[0m16:36:31.240338 [debug] [Thread-1 (]: Finished running node test.nyc_taxi_lakehouse.not_null_fct_trips_total_amount.0e8ec5477d
[0m16:36:31.240338 [debug] [Thread-2 (]: Began executing node test.nyc_taxi_lakehouse.not_null_fct_trips_trip_duration_minutes.566e53ade7
[0m16:36:31.240338 [debug] [Thread-4 (]: Writing injected SQL for node "test.nyc_taxi_lakehouse.unique_fct_trips_trip_id.9b74cb6aab"
[0m16:36:31.256153 [debug] [Thread-1 (]: Began running node test.nyc_taxi_lakehouse.not_null_mart_daily_summary_pickup_date.608c1772a1
[0m16:36:31.256153 [debug] [Thread-3 (]: Began executing node test.nyc_taxi_lakehouse.not_null_fct_trips_trip_id.df65bf8c1d
[0m16:36:31.256153 [debug] [Thread-2 (]: Finished running node test.nyc_taxi_lakehouse.not_null_fct_trips_trip_duration_minutes.566e53ade7
[0m16:36:31.258048 [debug] [Thread-1 (]: Re-using an available connection from the pool (formerly test.nyc_taxi_lakehouse.not_null_fct_trips_total_amount.0e8ec5477d, now test.nyc_taxi_lakehouse.not_null_mart_daily_summary_pickup_date.608c1772a1)
[0m16:36:31.258048 [debug] [Thread-3 (]: Finished running node test.nyc_taxi_lakehouse.not_null_fct_trips_trip_id.df65bf8c1d
[0m16:36:31.258048 [debug] [Thread-2 (]: Began running node test.nyc_taxi_lakehouse.not_null_mart_daily_summary_total_revenue.9c16bd1d42
[0m16:36:31.258048 [debug] [Thread-1 (]: Began compiling node test.nyc_taxi_lakehouse.not_null_mart_daily_summary_pickup_date.608c1772a1
[0m16:36:31.258048 [debug] [Thread-3 (]: Began running node test.nyc_taxi_lakehouse.not_null_mart_daily_summary_total_trips.7b5c8cda1a
[0m16:36:31.258048 [debug] [Thread-4 (]: Began executing node test.nyc_taxi_lakehouse.unique_fct_trips_trip_id.9b74cb6aab
[0m16:36:31.258048 [debug] [Thread-2 (]: Re-using an available connection from the pool (formerly test.nyc_taxi_lakehouse.not_null_fct_trips_trip_duration_minutes.566e53ade7, now test.nyc_taxi_lakehouse.not_null_mart_daily_summary_total_revenue.9c16bd1d42)
[0m16:36:31.258048 [debug] [Thread-1 (]: Writing injected SQL for node "test.nyc_taxi_lakehouse.not_null_mart_daily_summary_pickup_date.608c1772a1"
[0m16:36:31.258048 [debug] [Thread-3 (]: Re-using an available connection from the pool (formerly test.nyc_taxi_lakehouse.not_null_fct_trips_trip_id.df65bf8c1d, now test.nyc_taxi_lakehouse.not_null_mart_daily_summary_total_trips.7b5c8cda1a)
[0m16:36:31.258048 [debug] [Thread-4 (]: Finished running node test.nyc_taxi_lakehouse.unique_fct_trips_trip_id.9b74cb6aab
[0m16:36:31.258048 [debug] [Thread-2 (]: Began compiling node test.nyc_taxi_lakehouse.not_null_mart_daily_summary_total_revenue.9c16bd1d42
[0m16:36:31.258048 [debug] [Thread-3 (]: Began compiling node test.nyc_taxi_lakehouse.not_null_mart_daily_summary_total_trips.7b5c8cda1a
[0m16:36:31.258048 [debug] [Thread-4 (]: Began running node test.nyc_taxi_lakehouse.unique_mart_daily_summary_pickup_date.fda92ebf69
[0m16:36:31.258048 [debug] [Thread-2 (]: Writing injected SQL for node "test.nyc_taxi_lakehouse.not_null_mart_daily_summary_total_revenue.9c16bd1d42"
[0m16:36:31.272080 [debug] [Thread-1 (]: Began executing node test.nyc_taxi_lakehouse.not_null_mart_daily_summary_pickup_date.608c1772a1
[0m16:36:31.272080 [debug] [Thread-4 (]: Re-using an available connection from the pool (formerly test.nyc_taxi_lakehouse.unique_fct_trips_trip_id.9b74cb6aab, now test.nyc_taxi_lakehouse.unique_mart_daily_summary_pickup_date.fda92ebf69)
[0m16:36:31.274087 [debug] [Thread-3 (]: Writing injected SQL for node "test.nyc_taxi_lakehouse.not_null_mart_daily_summary_total_trips.7b5c8cda1a"
[0m16:36:31.274087 [debug] [Thread-1 (]: Finished running node test.nyc_taxi_lakehouse.not_null_mart_daily_summary_pickup_date.608c1772a1
[0m16:36:31.274087 [debug] [Thread-4 (]: Began compiling node test.nyc_taxi_lakehouse.unique_mart_daily_summary_pickup_date.fda92ebf69
[0m16:36:31.274087 [debug] [Thread-4 (]: Writing injected SQL for node "test.nyc_taxi_lakehouse.unique_mart_daily_summary_pickup_date.fda92ebf69"
[0m16:36:31.274087 [debug] [Thread-2 (]: Began executing node test.nyc_taxi_lakehouse.not_null_mart_daily_summary_total_revenue.9c16bd1d42
[0m16:36:31.274087 [debug] [Thread-2 (]: Finished running node test.nyc_taxi_lakehouse.not_null_mart_daily_summary_total_revenue.9c16bd1d42
[0m16:36:31.274087 [debug] [Thread-3 (]: Began executing node test.nyc_taxi_lakehouse.not_null_mart_daily_summary_total_trips.7b5c8cda1a
[0m16:36:31.274087 [debug] [Thread-3 (]: Finished running node test.nyc_taxi_lakehouse.not_null_mart_daily_summary_total_trips.7b5c8cda1a
[0m16:36:31.274087 [debug] [Thread-4 (]: Began executing node test.nyc_taxi_lakehouse.unique_mart_daily_summary_pickup_date.fda92ebf69
[0m16:36:31.283693 [debug] [Thread-4 (]: Finished running node test.nyc_taxi_lakehouse.unique_mart_daily_summary_pickup_date.fda92ebf69
[0m16:36:31.283693 [debug] [MainThread]: Connection 'master' was properly closed.
[0m16:36:31.283693 [debug] [MainThread]: Connection 'list_nyc_taxi_main_marts' was properly closed.
[0m16:36:31.283693 [debug] [MainThread]: Connection 'list_nyc_taxi_main_staging' was properly closed.
[0m16:36:31.283693 [debug] [MainThread]: Connection 'list_nyc_taxi_main_intermediate' was properly closed.
[0m16:36:31.283693 [debug] [MainThread]: Connection 'test.nyc_taxi_lakehouse.not_null_mart_daily_summary_pickup_date.608c1772a1' was properly closed.
[0m16:36:31.283693 [debug] [MainThread]: Connection 'test.nyc_taxi_lakehouse.not_null_mart_daily_summary_total_revenue.9c16bd1d42' was properly closed.
[0m16:36:31.283693 [debug] [MainThread]: Connection 'test.nyc_taxi_lakehouse.not_null_mart_daily_summary_total_trips.7b5c8cda1a' was properly closed.
[0m16:36:31.283693 [debug] [MainThread]: Connection 'test.nyc_taxi_lakehouse.unique_mart_daily_summary_pickup_date.fda92ebf69' was properly closed.
[0m16:36:31.288299 [debug] [MainThread]: Command end result
[0m16:36:31.375400 [debug] [MainThread]: Acquiring new duckdb connection 'generate_catalog'
[0m16:36:31.375400 [info ] [MainThread]: Building catalog
[0m16:36:31.375400 [debug] [ThreadPool]: Acquiring new duckdb connection 'nyc_taxi.information_schema'
[0m16:36:31.396736 [debug] [ThreadPool]: Using duckdb connection "nyc_taxi.information_schema"
[0m16:36:31.397526 [debug] [ThreadPool]: On nyc_taxi.information_schema: BEGIN
[0m16:36:31.397853 [debug] [ThreadPool]: Opening a new connection, currently in state init
[0m16:36:31.412709 [debug] [ThreadPool]: SQL status: OK in 0.016 seconds
[0m16:36:31.412709 [debug] [ThreadPool]: Using duckdb connection "nyc_taxi.information_schema"
[0m16:36:31.414717 [debug] [ThreadPool]: On nyc_taxi.information_schema: /* {"app": "dbt", "dbt_version": "1.8.9", "profile_name": "nyc_taxi_lakehouse", "target_name": "dev", "connection_name": "nyc_taxi.information_schema"} */
with relations AS (
      select
        t.table_name
        , t.database_name
        , t.schema_name
        , 'BASE TABLE' as table_type
        , t.comment as table_comment
      from duckdb_tables() t
      WHERE t.database_name = 'nyc_taxi'
      UNION ALL
      SELECT v.view_name as table_name
      , v.database_name
      , v.schema_name
      , 'VIEW' as table_type
      , v.comment as table_comment
      from duckdb_views() v
      WHERE v.database_name = 'nyc_taxi'
    )
    select
        'nyc_taxi' as table_database,
        r.schema_name as table_schema,
        r.table_name,
        r.table_type,
        r.table_comment,
        c.column_name,
        c.column_index as column_index,
        c.data_type as column_type,
        c.comment as column_comment,
        '' as table_owner
    FROM relations r JOIN duckdb_columns() c ON r.schema_name = c.schema_name AND r.table_name = c.table_name
    WHERE (upper(r.schema_name) = upper('main_staging') or upper(r.schema_name) = upper('main_intermediate') or upper(r.schema_name) = upper('main_marts') or upper(r.schema_name) = upper('trusted'))
    ORDER BY
        r.schema_name,
        r.table_name,
        c.column_index
[0m16:36:31.480823 [debug] [ThreadPool]: SQL status: OK in 0.065 seconds
[0m16:36:31.488856 [debug] [ThreadPool]: On nyc_taxi.information_schema: ROLLBACK
[0m16:36:31.488856 [debug] [ThreadPool]: Failed to rollback 'nyc_taxi.information_schema'
[0m16:36:31.491227 [debug] [ThreadPool]: On nyc_taxi.information_schema: Close
[0m16:36:31.544400 [info ] [MainThread]: Catalog written to C:\Users\joaob\Downloads\nyc_taxi_lakehouse\dbt_project\target\catalog.json
[0m16:36:31.544400 [debug] [MainThread]: Command `dbt docs generate` succeeded at 16:36:31.544400 after 2.16 seconds
[0m16:36:31.544400 [debug] [MainThread]: Connection 'generate_catalog' was properly closed.
[0m16:36:31.544400 [debug] [MainThread]: Connection 'nyc_taxi.information_schema' was properly closed.
[0m16:36:31.544400 [debug] [MainThread]: Sending event: {'category': 'dbt', 'action': 'invocation', 'label': 'end', 'context': [<snowplow_tracker.self_describing_json.SelfDescribingJson object at 0x000001AF858584A0>, <snowplow_tracker.self_describing_json.SelfDescribingJson object at 0x000001AF85858620>, <snowplow_tracker.self_describing_json.SelfDescribingJson object at 0x000001AF85859D30>]}
[0m16:36:31.544400 [debug] [MainThread]: Flushing usage events
[0m16:36:39.457661 [debug] [MainThread]: Sending event: {'category': 'dbt', 'action': 'invocation', 'label': 'start', 'context': [<snowplow_tracker.self_describing_json.SelfDescribingJson object at 0x0000023523F2C560>, <snowplow_tracker.self_describing_json.SelfDescribingJson object at 0x00000235246CEA80>, <snowplow_tracker.self_describing_json.SelfDescribingJson object at 0x00000235246CF2C0>]}


============================== 16:36:39.461658 | ddc692fd-71fb-42af-a83a-11298bbc2509 ==============================
[0m16:36:39.461658 [info ] [MainThread]: Running with dbt=1.8.9
[0m16:36:39.462634 [debug] [MainThread]: running dbt with arguments {'printer_width': '80', 'indirect_selection': 'eager', 'write_json': 'True', 'log_cache_events': 'False', 'partial_parse': 'True', 'cache_selected_only': 'False', 'profiles_dir': 'C:\\Users\\joaob\\Downloads\\nyc_taxi_lakehouse\\dbt_project', 'debug': 'False', 'fail_fast': 'False', 'log_path': 'C:\\Users\\joaob\\Downloads\\nyc_taxi_lakehouse\\dbt_project\\logs', 'version_check': 'True', 'warn_error': 'None', 'use_colors': 'True', 'use_experimental_parser': 'False', 'no_print': 'None', 'quiet': 'False', 'empty': 'None', 'log_format': 'default', 'static_parser': 'True', 'warn_error_options': 'WarnErrorOptions(include=[], exclude=[])', 'invocation_command': 'dbt docs serve', 'target_path': 'None', 'introspect': 'True', 'send_anonymous_usage_stats': 'True'}
[0m16:36:39.660204 [debug] [MainThread]: Sending event: {'category': 'dbt', 'action': 'project_id', 'label': 'ddc692fd-71fb-42af-a83a-11298bbc2509', 'context': [<snowplow_tracker.self_describing_json.SelfDescribingJson object at 0x0000023524C7FF20>]}
[0m16:36:39.707279 [debug] [MainThread]: Sending event: {'category': 'dbt', 'action': 'adapter_info', 'label': 'ddc692fd-71fb-42af-a83a-11298bbc2509', 'context': [<snowplow_tracker.self_describing_json.SelfDescribingJson object at 0x0000023525CF59D0>]}
[0m16:39:23.218880 [error] [MainThread]: Encountered an error:

[0m16:39:23.218880 [error] [MainThread]: Traceback (most recent call last):
  File "C:\Users\joaob\Downloads\nyc_taxi_lakehouse\.venv\Lib\site-packages\dbt\cli\requires.py", line 138, in wrapper
    result, success = func(*args, **kwargs)
                      ^^^^^^^^^^^^^^^^^^^^^
  File "C:\Users\joaob\Downloads\nyc_taxi_lakehouse\.venv\Lib\site-packages\dbt\cli\requires.py", line 101, in wrapper
    return func(*args, **kwargs)
           ^^^^^^^^^^^^^^^^^^^^^
  File "C:\Users\joaob\Downloads\nyc_taxi_lakehouse\.venv\Lib\site-packages\dbt\cli\requires.py", line 218, in wrapper
    return func(*args, **kwargs)
           ^^^^^^^^^^^^^^^^^^^^^
  File "C:\Users\joaob\Downloads\nyc_taxi_lakehouse\.venv\Lib\site-packages\dbt\cli\requires.py", line 247, in wrapper
    return func(*args, **kwargs)
           ^^^^^^^^^^^^^^^^^^^^^
  File "C:\Users\joaob\Downloads\nyc_taxi_lakehouse\.venv\Lib\site-packages\dbt\cli\requires.py", line 294, in wrapper
    return func(*args, **kwargs)
           ^^^^^^^^^^^^^^^^^^^^^
  File "C:\Users\joaob\Downloads\nyc_taxi_lakehouse\.venv\Lib\site-packages\dbt\cli\main.py", line 303, in docs_serve
    results = task.run()
              ^^^^^^^^^^
  File "C:\Users\joaob\Downloads\nyc_taxi_lakehouse\.venv\Lib\site-packages\dbt\task\docs\serve.py", line 29, in run
    httpd.serve_forever()
  File "C:\Users\joaob\AppData\Local\Programs\Python\Python312\Lib\socketserver.py", line 235, in serve_forever
    ready = selector.select(poll_interval)
            ^^^^^^^^^^^^^^^^^^^^^^^^^^^^^^
  File "C:\Users\joaob\AppData\Local\Programs\Python\Python312\Lib\selectors.py", line 323, in select
    r, w, _ = self._select(self._readers, self._writers, [], timeout)
              ^^^^^^^^^^^^^^^^^^^^^^^^^^^^^^^^^^^^^^^^^^^^^^^^^^^^^^^
  File "C:\Users\joaob\AppData\Local\Programs\Python\Python312\Lib\selectors.py", line 314, in _select
    r, w, x = select.select(r, w, w, timeout)
              ^^^^^^^^^^^^^^^^^^^^^^^^^^^^^^^
KeyboardInterrupt

[0m16:39:23.226973 [debug] [MainThread]: Command `dbt docs serve` failed at 16:39:23.218880 after 163.87 seconds
[0m16:39:23.227989 [debug] [MainThread]: Sending event: {'category': 'dbt', 'action': 'invocation', 'label': 'end', 'context': [<snowplow_tracker.self_describing_json.SelfDescribingJson object at 0x00000235246CF2C0>, <snowplow_tracker.self_describing_json.SelfDescribingJson object at 0x0000023525E35760>, <snowplow_tracker.self_describing_json.SelfDescribingJson object at 0x0000023525D7A780>]}
[0m16:39:23.228988 [debug] [MainThread]: Flushing usage events
